ID,IMG_URL
1,https://www.thepantry.nl/wp-content/uploads/Restaurant-The-Pantry-Amsterdam-1024x683-IMG_7964.jpg
2,https://s3-media4.fl.yelpcdn.com/bphoto/Wo5qoYDzFMLjIOidz8WL3g/o.jpg
3,https://youimg1.tripcdn.com/target/100j0i0000009iq039CCF.jpg
4,https://h5q4a2e9.stackpathcdn.com/wp-content/uploads/2014/07/moeders-restaurant-amsterdam.jpg
5,https://media-cdn.tripadvisor.com/media/photo-s/13/17/50/a1/sampurna-restaurant.jpg
6,https://media-cdn.tripadvisor.com/media/photo-s/0f/71/0d/fa/van-speyk-interior.jpg
7,https://media-cdn.tripadvisor.com/media/photo-s/1f/4a/66/6c/vietview.jpg
8,https://media-exp1.licdn.com/dms/image/C4D1BAQHrJ58HJ2MmPg/company-background_10000/0/1579009210314?e=2147483647&v=beta&t=d-IAyTCQMcxxjZgQeannHGbQc3IlOiYly4IPIAEVJN0
