bar_id,date,name,review,sentiment
8,2021-04-22,Gabby R.,"This was one of the best meals I had while in Amsterdam. It's a very cute Australian cafe in an awesome location (I'm from New York and it very much reminded me of Brooklyn). They had a great menu and we had a big spread with eggs, toasts and more. As other reviews have mentioned we did have to wait a bit to be seated so I would recommend arriving on the earlier side and be prepared for this. I will definitely return here next time I am in Amsterdam.",5
8,2020-01-02,Leemor Y.,"Really great veggie breakfast with halumi, avocado, and eggs. A bit of a wait but they have a very organized process for the waitlist.",4
8,2021-08-19,Justin L.,"Organic. Free-range. Sustainable. B & R is a New Zealand/Brazilian-inspired cafe, serving various breakfast and lunch dishes. They take pride in partnering with local suppliers and making conscious efforts to focus on health and animal welfare. As a result, their prices are high, in an already expensive city. However, one can argue that these ethical decisions are priceless. And the food taste great, for what it's worth.The cafe is located in De Pijp, the neighborhood where our hotel was located. It's super close to the Museum Quarter and the original Heineken brewery, and the tram line that goes to Dam Square is nearby. We came for brunch, and there was a lot of people waiting. I got the Kiwi Brekkie, which I would say is a platter of all the best breakfast foods. You have a hot buttered toast, topped with two eggs ( I got poached), with bacon, sausage, tomato relish, spinach, and mushrooms on the side. Surprisingly it all went well together, I found everything super delicious and well proportioned. Great balance of meat and vegetables, and the eggs were poached nicely. Eggs Florentine had a lot of spinach, which is not as tasty in my opinion. Banana Nut Bread French Toast is a sweet option, topped with a strip of bacon. Portion sizes were decent for all dishes. Most of the eggs were € 12,00 to € 16,50. On the menu, they also have pancakes, waffles, salads, and other unique items. The drink choices are extensive, ranging from coffees to teas to milkshakes to juices to alcohol to New Zealand wine. Service was pleasant, we received our food pretty quickly. We also got glasses of water without asking, which was nice because other restaurants in Amsterdam make that super difficult. Maybe they sensed our Americanness.",4
8,2021-04-19,John T.,"Delicious breakfast! Loved the kiwi brekkie, if you don't know what to get, that's the choice for you! Perfect combo, creamy eggs, crunchy salty bacon, meaty sausage, crisp potatoes, creamy mushrooms along with avocado! Get here early to avoid the brunch rush!",5
8,2020-01-02,Sophia D.,"I enjoyed this place so much and it was seriously one of the cutest brunch places I have ever been too. Tucked away in a little street but easy to find. The wait was fairly quick so that was a plus. Also it's located by the Heineken factory so great place to eat at before you go there.I ordered the power shake and the kiwi breakie to share with the boyfriend. The power shake was so good. You would never know it had protein in it besides the peanut butter and I'm not a huge fan of peanut butter but it didn't taste too peanut butter for me and loved the banana. As for the breakfast it was too good and perfect to share with one other person as I don't really eat breakfast or eat too much. I loved the bacon, potatoes and everything else it came with. The egg was poached nicely and the spinach it cane with was good too. This place is a must in Amsterdam to try! Also great for Instagram too",5
8,2021-04-19,Gerard Y.,"I ordered Eggs Royale and a side of Chorizo. The chorizo tasted great and went well with the perfectly toasted sandwich with and egg on each with lovely smoked salmonPlenty of dining choices for breakfast in the area, but I'm glad I chose this place. This is probably the 1st restaurant in Amsterdam where I received great customer service from the wait staff. They checked on me from time to time.",5
8,2021-04-19,Abby G.,"Absolutely amazing!!!!! My roommates and I waited about an hour for a table but it was worth it! I ordered the pumpkin porridge (which I think is seasonal), it came with house made marshmallows and is probably the best oatmeal I've ever had! We also ordered mimosas and for €8, the champagne bottle and orange juice made about 3 of them! The customer service was also amazing, our server was super nice and very attentive! If you're ever in Amsterdam this is a must try!!!!",5
8,2020-07-01,Erica B.,Such a cool spot.  We grabbed a spot on the first floor on the cute couches rather than wait for a table.  We had some breakfast nachos and gluten-free pancakes.  Both really great.  My friend me I ordered 2 different green healthy drinks. Both were amazing.  This place is fun and the food and drinks are great!,5
8,2020-01-02,Gabriel N.,"Relatively but popular brunch spot! Great location to a lot of other things to see and do in Amsterdam. My friends and I came here before going to the Heineken Experience.They have a wide variety of options from your classic egg plates. bowls, salads, sandwiches and more. Of course, it aint brunch if they don't have some boozy drinks (which were quite tasty actually). I opted for the Navajo eggs which was pulled pork, avocado, mango salsa and chipotle cream on two eggs and toast. I gotta say, this was one of my favorite meals of my time in Amsterdam. The pork was super tender and flavorful. The mango salsa was honestly, the star of the plate. It was so nice and complemented the rest of the plate.All of my friends enjoyed their dishes. We would all recommend this place!!",4
8,2021-04-22,Reza A.,"My wife and I found this restaurant as we were desperately looking for a brunch place after sightseeing. We looked through Yelp and nothing really stood out until we found Bakers & Roasters.If you're and Amsterdam native and are looking for an American style brunch experience then this is the perfect location. The menu options, quality of food, and ambience are great. And judging from how crowded it was we can reliably say that others in Amsterdam share the same sentiment.If your a tourist and planning to grab a bite in between activities then we can highly recommend it as well. There are tons of menu options so you'll surely find something you'll enjoy (although the vegan options are somewhat limited). The service is fast Ana's very friendly. The food comes out pretty quickly even though it was packen when we were there and it was laid back enough to relax and catch a breather.I really enjoyed my food (and I'm a brunch snob). My wife was less enthusiastic because of the limited vegan options. Coffee was really great for both of us.",5
8,2020-06-22,Arthur G.,"Insanely legit brunch spot with an awesome menu of items that'll leave you satisfied in every sense of the word. Found this spot on Yelp, looking for a great place to have brunch and was also pleasantly surprised to see that they also served matcha green tea here. Awesome!Ambience is lively and casual, tucked away in a smaller street just off Leidseplein. Highly recommended!",5
8,2021-01-04,Lauren F.,"I came in for breakfast on a Friday morning and was seated after a very minimal wait. Even though it was probably not the thing to get, I ordered the Huevos Rancheros because it sounded the most appetizing at the moment. I was not disappointed. It was a simple combination of eggs, beans, avocado, tortilla and salsa, but I was satisfied. Paired with a matcha latte (for the wake up) and a salted caramel white Russian (for fun...it was Friday after all), I was quite happy with my breakfast at Bakers & Roasters.The design scheme was clean, breakfast place and it was busy but I felt like I got everything in time. Service was efficiently friendly and I paid with a chip card. I would come back to try the other coffee options. They appear to be coffee experts, so I'd check that out.",4
8,2020-01-02,MrnMrs G.,"We ate here TWICE and once at their other location... does that tell you something? DELISH!Although seating was cramped, the meal was amazingly good (veggie breakfast and espresso drinks especially) - and guess what, you'll eventually get used to those strangers being THAT close to you while you enjoy your meal... maybe. This place is always busy so either get here for breakfast right when they open or test your luck! Haha!",2
8,2021-06-03,Kelsey M.,"WOW! Bakers & Roasters brunch is top notch! Their coffee and espresso drinks are wonderful and their breakfast dishes are delicious and filling. The fresh squeezed orange juice was also a treat. What we tried and enjoyed - a mocha, a flat white, the veggie brekkie, and the B&R special. Other pros - Friendly service and frequent water top offs. A+ experience!",5
8,2021-06-03,Edward F.,"B&R Bakers and RoastersSmall and popular place for breakfast/brunch (though bigger than it looks). Broad selection that is dietary sensitive with vegan, gluten-free and dairy free options. They are not very flexible to substitutes as it interferes with the flow of orders but, if you must, they charge 2€ for the change.It all seems good. I had the Navajo eggs. The poached eggs were perfect, pulled pork just right and the mango salsa had a nice kick to it,",4
8,2021-06-03,Bonnie C.,"We were very hesitant to wait for a 2 person table over 50 minutes. But it was VERY worth it. The reservation process was very efficient and allowed us to move through the area and keep track of our place in line without sitting out front. The food was amazing. We travel quite a lot, all over the world, and try to eat breakfast out each day. This was in my top 5 breakfast spots I've ever tried. Pro-tip: it looked like the small bartop was open seating and did not get sat on the reservation list. They didnt mention that when we checked in for reservation, but be sure to ask if you're willing to sit there.",4
8,2020-07-01,Kristina R.,I love coming here for brunch. It's a must try. Book a table in advance would be very helpful if you don't want to wait for one. The food is always fresh and super delicious. Super friendly staff. Highly recommend it.,5
8,2020-06-22,Luke S.,"Excellent breakfast food place! Went three times while visiting Amsterdam and everything was superb. Loved their pancakes, sandwiches, and deserts. Large portions and every tastes great. The service is a little slow as they are crazy busy all the time. Highly recommended!",5
8,2020-01-02,Juliana T.,"Amazing pancakes and crispy bacon! Very delicious breakfast, highly recommend paying them a visit if you're a tourist or local in Amsterdam.",5
8,2021-04-19,Laura T.,"Super cute brunch spot, service was awesome, and food was bomb. The menu options and flavors were different from what I could get in the US. Must try when in Amsterdam!",5
8,2021-08-19,Sylvia B.,"Love this place. Great for brunch! It gets busy but they will text you when your table is ready, which is really convenient. Highly recommend the navajo eggs, which come with perfectly poached eggs. They make a mean cortado as well!",5
8,2021-06-03,Mehmet A.,"Great food, perfect for lunch. Would be eager to go soon again. Coffee is decent as well.",4
8,2021-04-22,Fay T.,Nice and easy cafe next Heineken experience hall. Good for 1-2 for a brunch and cup of coffee.,4
8,2020-07-01,Cindy L.,"We decided to come here for breakfast after exploring the city all morning. The wait time was about 45 minutes and they put your cell phone number in and you get a link to check the status of your wait time.  I thought that was cool. We were able to order coffee, tea and drinks while we waited, so my husband got himself some coffee, me some hot tea and got my girls hot chocolate. Once we were seated, we decided on the B&R Special which had free range eggs fried or scrambled on top and it came with a side of mini pancakes. We also got the Eggs Royale, which is like eggs benedict with salmon in it. I love that they serve only free-range eggs here and they are trying to go for a healthy concept with their juices. I got a matcha green tea latte, it was delicious. My husband got the carrots turmeric juice and my kids loved it too. My kids got the kids breakfast to share, which came with mini pancakes, bacon and toast with eggs. We had a wonderful breakfast and our waitress was so sweet. It was one of my favorite meals in Amsterdam.",4
8,2021-06-03,Alexandria B.,"Bakers and roasters log T+15 minutes since I was seated at a stool at the counter. Time works differently here. The 5 minutes wait outside was actually 15 minutes according to my instruments.  I have now been on my stool for 17 minutes and it seems like some kind of phase shift is going on that makes me appear invisible to the people working here.  I can see them and the food looks and smells wonderful. If only I could find a way to break through so they can see me.  I have looked at the menu online and I have chosen my meal.  I will continue to keep this log until I am successful or I expire.T+24 minutes. I've had a breakthrough! For just a moment the barista came near enough to me so I could ask for coffee and a menu. Suddenly, I was no longer invisible. The hostess arm hugged me and confirmed that I am real not only in my own world but this one as well. I got and oat milk latte and I hope that in time to come, I shall receive a Benny with avocado. Until then...your faithful eater, Alex",4
8,2021-06-03,Helen X.,"Love this place!!Excellent service plus wonderful food!!Ordered Acai bowl&Gluten free toast,which is amazing!!!",5
8,2020-06-22,Allie A.,"First of all- order the espresso martini. It's my favorite drink I had in Amsterdam. We had to wait a few minutes for a seat but the text system made it so easy. Food was great, service was great- it looks like you can't go wrong with any of the coffee or food. I would definitely recommend it to my friends coming to Amsterdam. And when I am back in town I look forward to coming again.",5
8,2020-07-01,Chantel H.,"A very popular spot, down a cute alleyway near all the art museums. We picked this spot because it was so close to Rijksmuseum, it also near the Banksey museum and the Christmas market and ice skating rink. The wait wasn't too bad, we got in fairly quickly. I ordered the veggie brekkie, it was your standard eggs and potato breakfast but very good. Nothing I'd dream about but very good! Fair prices and delicious housemade kombucha.",4
8,2020-06-22,Elkhyn R.,"We visited B&R on a Wednesday morning (around 9AM). Although the restaurant was pretty crowded, we were seated immediately. If you're looking for a delicious and hearty breakfast (and you aren't in too much of a rush), this is the place for you!Three of us ordered the B&R Special (two eggs, buttered toast, bacon, and three miniature pancakes), while a fourth got the blueberry pancake stack. Given our experience, there are no wrong choices here! The toast was good, the bacon crispy, eggs were light and flavorful, and the pancakes (and maple syrup) fluffy and exquisite.",5
8,2020-07-01,Maria E.,"*They close pretty early (4pm), FYI.Busy spot! We tried to get a table but the wait was over an hour. We put our name on the list and went to the Van Gogh museum. They called us while we were at the museum. We made it over there a little later but luckily they were still able to find us a table. This was on a Sunday by the way so it likely calms down during the week. Cute place with charming decor. Great menu options. I had the smoked salmon stack and it was really tasty. Friendly service. One complaint: the tables were a bit close together. I had someone directly behind me elbowing me.",4
8,2020-01-02,Ruth F.,"I think this place is a little over priced and just OK. They don't take reservations and the wait was around 40 minutes both times we stopped by (on weekdays).Staff was friendly and food was OK, nothing spectacular.",3
8,2021-04-22,Brian R.,"This is a hugely popular place that has a bit of a wait but was totally worth it! The food is delicious and plated perfectly. I didn't have the pancakes but they looked spectacular. My stack of House hash browns and poached eggs with salmon was tasty and creative! Look at the way my son's sandwich showed up (see photo). Old school paper/string wrap. Very cool. They had a nice DIY mimosa too. Fresh OJ all the way and your own mini-split of bubbly!The staff was great. If you're looking for breakfast, brunch, or lunch you can't go wrong.",5
8,2021-08-19,Michael D.,It looked nicer than it tasted. The food was bland. The coffee was very good. The place itself and staff were nice._____,3
8,2021-06-03,Emily W.,"Busy and bustling cafe but we got right in! It's a little noisy as all tables were filled but very nice energy. We started with a delicious matcha latte and orange juice. I enjoyed the Vege Brekkie - a flavorful sampling of veggies, eggs, halloumi cheese and toast. I would buy the chili jam by the bottle if I could! He enjoyed the Eggs Benny - perfectly cooked poached eggs atop bacon and toast topped with hollandaise. Everything was delicious and we left very full and satisfied. They are up front that the prices are not cheap but fair, quality ingredients are worth the price.",4
8,2021-01-04,Ling S.,"Great brunch restaurant. I love the New Zealand Kiwi menu items. Their kiwi mascot has a bowtie, super cute!! It was pretty busy for a Wednesday morning. The restaurant is bright with lots of natural lighting. Every Instagrammers dream, lol. Staff is very attentive and quick to bring out food and drinks. Lots of choices on the menu from standard eggs & bacon, fancy pancakes, acai bowls, sandwiches, cakes, and more. Vegetarian friendly too. I got the Kiwi Brekkie (I miss NZ!). Homemade tomato relish, perfectly cooked eggs, and big pieces of toast. The fiancé got eggs royale. Very generous portion of smoked salmon. We also ordered a short stack of pancakes. They drowned it in too much syrup, but otherwise pancakes are fluffy and very good. Prices aren't cheap, but overall for the atmosphere, service, and food quality; we had a good experience. Would recommend! Next time I will have to save room for dessert. They had so many muffins and cakes on display..!",5
8,2021-04-22,Stephen Y.,"Breakfast was good, enjoyed the pancakes and service. Pancakes were light and fluffy with a pleasant surprise of blueberries in the middle. Ordered five stacks, and shared with my daughter. Neither of us finished the pancakes because we were full.",4
8,2021-04-19,Vincent L.,"A delightful cafe that's in between the Heineken Experience and the Museumplein and is within easy walking distance of both, Bakers & Roasters serves New Zealand and Brazil-inspired brunch and lunch fare in homage to the founders' roots. Everything I tried was quite delish and reasonably portioned given the quality and prices. Breakfast fare includes traditional items like eggs benedict and combination dishes of eggs, breakfast meats, veggies, and toast, while there's also an extensive menu of salads, sandwiches, bowls, baked goods. They also serve coffee and a good array of fresh juices. The atmosphere here is also lively, with a compact but reasonably bright interior and outdoor seats that are absolutely gorgeous in the warmer months. Thanks Yelpers for a great find!",4
8,2020-01-02,Keshia G.,"Such beautiful dishes and flavor to match. If you ca be sure to make a reservation in advance because they are always on wait. Luckily, they can text you when your table is ready. We tried a bunch of different things:Carrot Cake - Cute with good flavor, but not super fresh. My slice was also a little too cold for me especially since I ate it with my Chia Latte.Chia Latte - Yay! They have oat milk. But this Latte was my least favorite item. Idk just didn't really have much flavorHuevos Rancheros - No complaints! The dish is exactly what you'd expect from a huevos rancheros Salad Sampler - it was nice to find some fresh veggies in Amsterdam, but I wouldn't reorder this. Comes with 3 different salad. Beet, potatoes, and tomato. Mushroom Toast was unique and tasty. Toasted bread topped with marinated mushrooms.",4
8,2021-04-19,Kevin C.,"My son was hungry was we needed a quick place where we can grab him some to go.  Reviews on yelp for this place was glowing.  When we got there, we had a positive vibe and understood how many people would love this place.  It was quite busy but the staffs were nice.  I ordered a short stack (3) pancakes which had raspberry along with blueberry and bananas topping.  It came with two maple syrups.  While the presentation was there, my son and I felt the pancakes themselves were quite heavy.  I would've expected them to be more fluffier.  But that was really the only con.  I am sure if we ordered and dined in and tried other dishes, I would enjoy their food.  But for today, my review is solely based on those pancakes.  To their credit, we did hear from other tourists we met on an excursion that they loved the place.  :)",3
8,2021-04-19,Teresa R.,Great food and service! American pancakes with bananas were great.  The avocado and and fries cheese were great and the mushrooms underneath were equally delicious. The smoked salmon was served on a nest of shredded hash browns yummo,5
8,2020-01-02,Kaili T.,"BEST. PANCAKES. EVER. This note worthy spot is located close to the Heineken factory, tucked on a cute little tree lined street. (Parking available out front, otherwise close walking distance from the metro)A memorable breakfast in Amsterdam, we waited a short time for a large group and were not disappointed ! The staff was extremely friendly and efficient - great music, bright and stylish decor and the FOOD!!! Oh goodness every last morsel was fantastic! Two in our group ordered the B&R that came with a side of their ""American style pancakes"" ...and let me tell you as an American they blow our pancakes out of the water ! Other note worthy items include; the huevos rancheros, the kiwi brekkie (an absolute savory breakfast and so surprisingly good!!) and of course the B&R! Just do yourself a favor and scope their instagram. I don't know that words could do them justice ! Absolutely recommend !",5
8,2020-07-01,Marin J.,Filling. Enough to almost share. I chose the special. Pricey but so filling you can easily skip lunch with no regrets. I asked for my eggs scrambled hard and they were perfect. Don't ignore the drink menu. Turmeric Apple ginger juice and orange juice were both winners. Tables inside tight and cosy. Seemed to be more relaxed seating in the garden area towards the back. Food was outstanding and menu delightful.,4
8,2021-06-03,Alexa L.,"A bright spot on a dreary November day in Amsterdam! This place oozes millennial hotspot--very instagram-esque vibes all around. It was super crowded here but we didn't have to wait too long and were squeezed in. Such a fun laidback atmosphere! The kiwi brekkie did not disappoint at all. The mushrooms on that dish were divine. I ordered the banana nut bread French toast and you definitely need to have a sweet tooth. Lucky for me, I do. So these were right up my alley. Super decadent, very filling, YUM. Great service, awesome food. What's not to like!?",5
8,2021-01-04,Sylvester C.,Fantastic. It is very busy so be prepared. I was seated pretty quickly though. You should really poached eggs if you come to this place. French toast I had was very very good. The restaurant is pretty large. Servers were nice.,5
8,2021-08-19,Kate V.,"Couldn't be happier with my experience here! I've been in Europe for a couple days and this is the best breakfast I've had in awhile. The staff was very attentive and lovely, the atmosphere was inviting and not too loud. The food was perfection. Can't wait to come back!",5
8,2020-01-02,Sergiu T.,"Definitely a recommended place to brunch in Amsterdam. And it has great vegetarian options. Service was neat.I loved:- Huevos Rancheros- Portobello ToastDidn't like:- The ""3 Salad"" dish (Besides the potatoes, the rest was kind of flavorless)Overall: Strong 4+",4
8,2020-06-22,Tiffany R.,I really like this neighborhood so the restuarant already had a leg up. There is a lot to do in the area and its a convenient walk to the museums. At the same time it feels very much like a lived in neighborhood devoid of tourist traps. As for the menu. It was imaginative and fresh. Plenty of veggie options. They give you good service but don't pester you.,4
8,2020-01-02,Maria F.,The meal was amazing! The service was lovely with a positive atmosphere and good music. There is also vegan and gluten free options.,5
8,2020-01-02,Cece N.,"This place was exceptional! The food was phenomenal and our server was so nice and cordial. We had been to London then headed to Amsterdam when we found this little place with little appeal from the outside but packed with people to get in. From the Cappuccino to my Canadian maple syrup, everything was delicious!! My friends and I would totally recommend you try this restaurant before leaving Amsterdam!!",5
8,2020-07-01,Saige M.,"Everything about this place is yum!!! I highly recommend this place for brunch if you are in the area. The espresso is perfect, the service is great and the food tastes amazing. My only minus if a star is that it just felt a bit touristy, it seemed almost Americanized.",4
