bar_id,date,name,review,sentiment
3,26/7/2021,Megan O.,"It has been YEARS since I've gotten to indulge in the amazing ribs at Cafe de Klos, and after finally making my grand return--I'm happy to report they're just as good as ever!They had a ""lady"" portion, which is 2 slabs instead of the ""normal"" portion that comes with 3. It was the perfect portion for just myself (and I still had a bit left over for yummy left-overs for my flight home). It comes with a small salad (really tasty) and two sauces; one white, garlicky and savory, and another ""pink"" sauce that I couldn't quite put my finger on what exactly it was, but it was slightly sweet and delicious all the same. I was originally thinking of getting the smoked ribs, but the server gave me the heads up that those are drier and saltier than most expect--so I took his advice and went with the original. They were perfect. I'm still drooling thinking about them again. Seating is first come, first served, and they are currently not offering any indoor dining--only the outdoor tables, or seating at the bar across the street. Note that space is limited and they do not take reservations. I was lucky enough to get there shortly after they opened for an early dinner (a little after 17:00 on a Sunday in late July) and was seated immediately at an open outdoor table. By the time I was finishing up, close to 18:00, there was about an 30-45 minute wait. So definitely plan ahead and get here early!Can not say enough about this place. The ribs are the true star, but the staff and cold draft Amstels were fantastic as well.Dank u wel Cafe de Klos! I hope it's not another 7 years until I see you again!",5
3,8/4/2022,Dayna S.,"We were refused service and made fun of because we were Americans. We wanted a drink and everyone at the bar was drinking (it was 10pm) and they repeated over and over that the kitchen was ""closed"" even though everyone at the bar was drinking. It was clear that they only wanted Dutch people in their bar. I had to assist my friend in the bathroom and they commented that if two people were in the restroom they would ""see it on the cameras."" I felt offended and upset after leaving this bar. They could have handled the situation with more respect. Would NOT recommend to tourists.",1
3,4/7/2020,Jason G.,I really liked the ribs.  Great smoky and salty flavor with meaty ribs grilled right there.  It's worth a special visit for the food here.,5
3,10/12/2019,Tung D.,"Very good ribs. I got here at around 4-5 PM, and it was empty. I sat at the bar and tried to order smoked ribs. The waiter was kind and gave me suggestion that if I ordered the princess dish, I would get to try both version of the ribs - the regular and the smoked ribs. I went with it and a coke. The served a generous portion of bread on the side.Anyways, onto the ribs. The regular ribs were falling off bones and very tender. Flavorful and a tiny bit sweet. The smoked ribs, on the other hand, were smokey and just a tiny bit on the salty side.It was great to compare the ribs side-by-side.The taste and seasonings were very different from American pork ribs.Great meal!",4
3,16/6/2019,John T.,"What most restaurants lack are sarcastic and blunt waiters. Look no further, cafe de klos has them! Please continue reading!Now that is all a good thing, rather what all BBQ joints need! The waiters make sure you get your ribs and beer when you are here. After all, you come here for ribs, if you don't order ribs why come! We loved the ribs and more importantly the funny waiters who made sure everything came out great with some humor.",4
3,23/3/2019,Jacques I.,"What may be the best BBQ in Amsterdam! We came here based off its awesome Yelp reviews and the first time we visited the place was packed.  The wait was an hour or so, so we decided to come back on a different day, closer to when they open.  So glad we did, too, because it would've been sad to have missed these spare ribs during our visit to Amsterdam! Specifically, Cafe De Klos is known for its BBQ ribs.  After speaking with our server about the difference between the spare ribs and the smoked spare ribs, he mentioned that the spare ribs have a dry rub versus a hickory, smoky sauce on the smoked ones.  Personally, I'm a dry-rub fan and don't like my ribs sauced up, so stuck with the spare ribs, which I loved.  The spare ribs plate came with a side salad, which was a coleslaw, with two different kind of aioli sauces that you can use for your ribs.  Of the two sauces I preferred the white one, for its garlic flavor versus the tomato-based aioli.  Coleslaw was a good accompaniment for the ribs, adding a nice acidity with its pickled flavor.  And most importantly, the spare ribs were fall-off-the-bone, just how I like 'em!  The ribs were juicy, moist and had an awesome spiced rub on the skin.  The portion was large, but I happily ate all three racks of ribs.  There is a smaller portion option with two racks of ribs for you, amateurs. Cafe De Klos is definitely worth visiting in Amsterdam.  Expect a wait; BUT, its sister bar, Café t Genootschap der Geneugten is across the street, where you can grab drinks 'til an employee from Cafe De Klos will come get you once a table is available.  It's worth the wait.  Space is small inside, which is also why it takes a bit to get a table.  Most of the seating is around the bar.  If you do use your credit card there is a 5% additional charge; bring euros.  Spare ribs for the win here!",5
3,15/10/2018,Dave S.,"First thing to note: Get reservations! This place is small and always busy. We wandered over just to gamble, and were told we'd have to wait 90 minutes. They have a sister bar across the street they send you to, and we went over to hang out. We checked back in 30 minutes and bar seats were open so we took them. Score!Great beer selection, with good wit biers and some solid Belgians. Good, lively bar, too, which is fun. The food is the thing, though! We got some escargot as an appetizer (it was good, but nothing too extraordinary), and then we ordered a massive 450g prime rib and the spare ribs. We were starving, but even then couldn't eat all this food! The spare rib was cooked perfectly, and was seasoned very well. Delicious steak. The ribs, though. Everyone here has said it, so I'm not telling you anything new. They are incredible. Seriously some of the best charcoal ribs I've had, and I have tried a lot. If you dig ribs, get them here and prepare to be blown away. They just fall off the bone, and are cooked so perfectly they just have to be tried.",4
3,27/9/2018,Eddie J.,"Located on Kerkstraat along the canal belt of Amsterdam, Cafe De Klos is a small gastro pub that specializes in smoked and barbecued meats. Be prepared for a long wait for a table. This establishment is small so I recommend sitting at the  full service bar if they can fit you in. Recommendations:Order the original spare ribs. The meat just falls off the bone. They also have Amstel on tap that goes great with the ribs.",4
3,15/7/2019,Kristian A.,The food tasted great and was very filling. They brought out bread also which I used for those dipping sauces. It came with a small salad which was alright nothing special. The ribs tasted amazing. Preferred the regular over the smoked but still great. The only real negative is it is extremely expensive. Came to about 40 euros a person and that's a mixed rib meal and a beer. And then if you use credit card they charge an extra 5% FYI. Was told it's usually a long wait here and they send you across the street to drink until something opens up. But we got there early around 4pm and sat outside. Around 530pm when we left there was a wait. Seating outside you may be sitting back to back with another table so if your shy try to sit inside.,3
3,18/7/2019,Elle S.,"This restaurant was recommended to me but even so it exceeded my expectations. The restaurant has maintained the same menu for 48. If people love it, keep it. Two of us ordered the regular ribs and a potato to share, and a basket of bread and butter. The butter is the typical Amsterdam's salted herb butter- amazing. The regular ribs from what I hear are the best, and I can't imagine any being better. This is MORE than enough for two. Portions are huge. We sat at the bar and the bartender was very personable and provided excellent and f service.",5
3,30/7/2019,Tyra L.,"I was very skeptical when this rib place was recommended to me. I'm from the US and of course we think we're the best at stuff, but I really did think bbq was our thing. However, I do think these were some of the best ribs I've ever had. ( I'm from the Midwest so take it for what it's worth.) The rub or whatever they pup on them is just perfect. I was traveling solo for the day, but there were many other loners sitting inside at the bar with me. Pretty sure the bar is the only spot they let you have if you're alone so beware. It is also not air conditioned inside so it was a little warm on an 80+ degree day (Fahrenheit... to be clear) If you pay with credit card they charge you an extra 5%.",4
3,16/10/2021,Mekenna B.,I'm from the US and this is some of the best bbq I've ever had! It was so good we went twice.,5
3,27/5/2018,Andy N.,"After traveling in Europe for about a week, I was missing some good ol' American fare like my ribs. Dutch food didn't necessarily fill me up all the way so a trip to Cafe De Klos really changed all of that.Like many other Yelpers have shared, this place has some BOMB ribs and was truly a great experience... if you're patient.The restaurant opens up around 16:00 in the afternoons and they get packed. Simply put, the bar/cafe that serves up these ribs is small so they typically send over any guests waiting to a local bar across the street. I'm sure they're both owned by the same person and that bar in particular had some of the friendly bartenders I ever interacted with in Europe. Definitely grab a beer or two.After waiting 45 minutes, one of the guys from the restaurant comes over and grabs you back into the bar area where you can finally order. My friend and I started off with their pate (€8,75) which was smooth and buttery. It came with unlimited bread (sooo American I know) and really helped quelled our hunger until our spare ribs (€21)  came out. Shortly after, the meat sensation came on a piping hot skillet and they were delicious. The meat was easy to pick off the bone and was really packed with flavor. Seriously, some of the best I've ever had.While the food is excellent, the wait did seem pretty long and the staff was just okay once we were seated. However, it's all worth it for the great ribs that they have here. Even if you're from the South and are unsure how these will live up to your expectations, give them a try. They will surely surprise you I guarantee that much.",4
3,6/3/2021,Mehmet A.,"Authentic food, one of the best ribs in the city. Worth the wait for sure!",5
3,18/8/2019,Michael P.,"This was the first meal my girlfriend and I ate when we arrived in Amsterdam. Absolutely delicious! This is actual BBQ (surprising I know!) We both had the mixed ribs (smoked spare ribs & spare ribs), both were great but the regular spare ribs were fall off the bone juicy! The meals came with bread and a traditional Dutch salad. These are closer to being American sized portions rather than European. We sat and shot the shit and talked about music and traveling with the bartenders/servers for over two hours. They had the normal beers (Amstel, Heineken, etc) but you have to try De Blonde Barbier and De Manke Monnik (ones a blonde and ones a tripel, but both delicious). Definitely make this a stop if your in Amsterdam",5
3,11/9/2019,Tim V.,"I was very skeptical about BBQ in Amsterdam; however, I have faith in my people...The spare ribs were the equivalent to nearly two racks of ribs in the states and rivaled almost any ribs I have ever had - almost. An amazing dry rub unlike any flavor I've had before. The staff was amazing, witty and obviously possessed Dutch sarcasm.",5
3,5/1/2019,Hadiza A.,"Decor: olde Amsterdam Public houseService: Grace under pressureFood: MOIST MEAT!Lies: Not a café in the least. Zero takeout except foil, and not for children, be advised.Some ales, some wine; house wines red and white crisp, flavourful and recommended. Meat succulent and flavourful. 'Cole slaw' referred to as 'salad' is just this side of not pickled and excellent. Sauces provided with heart attack meats, I attest, full of flavour, desirable, terrible, lovely. Service; witty, expedient, gracious. Felt genuinely Amsterdam.",5
3,4/7/2019,Jim A.,They are not kidding about having the best ribs. This place has been doing it for 40 years and they have it down perfect. We had the combo plain and smoked rib platter. Nothing left but cleaned bones.Washed it down with a wheat and a trippel,5
3,3/8/2019,Karen S.,"Wow. I rarely go 5 stars, but this place is that good. The service was great. Super friendly and they all seem to enjoy being there. The food. I am probably in the minority for ordering the chicken, but it was delicious. Moist and flavorful - perfect! I really enjoyed the cole slaw/salad. A little tangy with kind of Italian dressing. Nice fresh crunchy side with all the decadent meat. The ribs were spot on. Husband liked both but the smoked had amazing flavor and char. Yum! We will definitely be back!",4
3,18/5/2019,Mike C.,"All you folks looking for a dive bar with Amazing Food and Belgian Beers, the place IS IT!!!The decor is Dutch classic and they've easily had the best 80s/90s music playing since I walked in (Nirvana, The Cult, Michael Jackson...). Order the Ribs. The cook honestly carried the last rack to me with tongs from off THE PIT!",5
3,16/6/2019,Parker M.,"Nice spot near Leidseplein even though it's quite small. We had to wait nearly an hour for a table (no reservations) but they had us wait at the bar across and then got us when our table was ready. The spare ribs are fall off the bone delicious. For 22 euro, three racks of ribs with bread, salad, and sauces is a great deal for how filling and delicious it is. Some of the BEST ribs I ever had. The garlic sauce with the bread or ribs is soooooo good. Make sure to order the baked potato too, because it's massive and the garlic butter on it is unbelievable.",4
3,14/11/2019,Vy T.,"First off, the staff is witty and sarcastic, so if you cannot handle that, do not eat here. Period. Don't force yourself to like it otherwise you don't enjoy the food and be upset over the way they talk. Second, you need cash, otherwise it's a 15% service charge if you use plastic. There's an ATM across the street. Third, the portions are huge! So be prepared to togo or better yet, share with a friend while it's pipping hot and delicious. A sharing plate is an extra 7 euros FYI. Fourth, this is great BBQ but not worth more than a 30min wait imo. I heard wait times can be 2hrs+. Coming from the States, we have great BBQ also, so I'm likely slightly biased in this sense. Anyhow, so fortunately, we were able to be seated right away outside. We ordered the smoked ribs, a 24oz filet, and a baked potato. The food also comes with cole slaw and bread. As mentioned, the portions were huge! We wished we took this into account before ordering as we had a lot of leftover, our starving selves could not finish it all. Smoked ribs - amazing. The meat fell right off the bone and it wasn't too smoky at all. I got about 20 large bones, delicious. I was thankful for the bread to eat with it as it was a lot of meat. 24oz Filet - cooked to a perfect medium rare and also delicious. Cole slaw was good and helped cut the meat down as well. Overall good but again, I don't think it's worth waiting more than 30mins and please don't eat here if you are expecting that ""American service"". It doesn't exist here. They are witty and sarcastic.",4
3,7/9/2019,Leo M.,"Racist... I'm Asian... Walked in there asking how long the wait is.. there's about 3-4 groups waiting outside. A man with a ""menu"" on his shirt with glasses in the late 40s looked and yelled to my face that ""For you, 3 hours"". ""I'm sorry?"" ""Yea, 3 hours for you.""I heard of this place from multiple Vloggers... I'm no longer interested after that conversation..",1
3,22/11/2019,Zach H.,"A carnivore's dream!  What a great place.  There was a wait, however playing chess and drinking beers at the bar across the street made that go fast.  The spare ribs were excellent and the sides just made it all better.  The staff is fun and happy to joke around.  The service was great.  I can not wait to go back next time.",5
3,7/3/2019,Lulu G.,"This place is a must! You may have to wait and if you do he will seat you at his bar across the street. He will then come and get you when a table becomes available. I had the lady rib which was the perfect portion for me. I didn't have the salad but that's just me, I can't eat too much or drink at the same time. Visiting from the U.S. you are use to quick service. But that is not the case in Amsterdam. Be patient, they did see you and will come to you.",5
3,17/7/2016,Edward W.,"Walked in around 6pm and luckily managed to snag 2 spots at the bar right away. Our hostel host suggested the ribs here, so we went with the mixed ribs. The beef ribs were fantastic and tasted especially good with the tomato mayo. I thought the pork ribs were okay and could have done without. Plenty of meat on the pork ribs and meat wasn't too tough, but I just thought the smoked and charred beef tasted much better. Also ordered an Amstel beer to quench my thirst and it went very well with the ribs. Light beer that didn't mask the taste of the meat and actually complimented it well. Overall very enjoyable experience although our server was a little rude when taking our order. Also smaller groups tend to get seated much faster. We were seated right next to the entrance and heard lots of 4+ groups get told the wait would be 1 hour+, but individuals or groups of 2 were almost seated immediately.",3
3,1/8/2019,Steven C.,"Wasn't expecting Amsterdam to have such good BBQ, but here we are! This place was so good that we ended up coming back again for our last night in Amsterdam! This place has been around 48 years and has a small-ish 1 page menu. There's a reason why- they've perfected everything on it, and you really can't go wrong with anything. They don't take reservations, and the head manager, a sassy thinnish Dutch guy, will tell you as much. They know their food is in high demand, so at this place it's a buyer's market. The ""customer is always right"" act won't fly here. Be prepared to wait a long time for larger parties during 6-10PM. The best:-The Escargot: Just do it. They even take them out of their shells for you. Dip them in that addictive garlic butter, and then take the bread and ALSO dip that in the garlic butter-The Spare Ribs: The meat falls off the bone, is the perfect level of moist, and the flavor is amazeballs. Make sure to get these. They don't need to be dipped in everything-The bread: They bring you as much as you want, and you can see the freshly-baked baguettes chilling there. I was addicted to dipping this in the garlic sauce they bring with the meatThe great:-The Lamb: Great flavor, not too chewy. You will clean the bone on these. This was the favorite of the bartender that served us the first night, but I liked the spare ribs much betterThe good: Smoked Ribs- These were really tasty, but TBH I've had better smoked ribs in the States. They don't particularly have the ""goddamn!"" blend of spices and flavors that I've had from other places.Here's what I'd order if I came back:1x Escargot2x Spare Ribs1x Large Amstel. You can't go wrong with anything here though, promise! If you're in the Centruum, make the trip.",5
3,9/8/2018,Gordon V.,"Talk about your mighty meat platter! Be sure to get here early and with a great appetite!If you get here an hour after the place opens, expect to wait a while before you are seated, however they do recommend you to go across the street and grab a beverage.Food was excellent, and very plentiful. Don't need to add any sauces and the meat is very tender and tasty. The potato was great, and a never ending supply of fresh bread. Beer was cold, so if you plan on eating here, get here as early as you can when the place first opens!",5
3,19/2/2017,Ronald W.,"Given the other reviews here I ordered the mixed (grilled and smoked) ribs plate. It's huge! I'd suggest people split most of the entrees 2 ways and get some sides like the baked potato or soup I've seen mentioned. All entrees come with bread basket and salad (resembles cole slaw). The grilled ribs were pretty good like you would make at home but the smoked ribs have the consistency of a jerky. Given I made 2 meals out of this, it is a good bargain but I would have skipped the smoked ribs. As a comparison neither grilled or smoked are anyway as good as a typical Texas smoked beef rib... Way too lean.",4
3,18/9/2017,Andy N.,"This was the first meal I had in Amsterdam and it did not disappoint. The service was bleh but it fits the atmosphere. Grungy pub feel to the spot. We were quickly seated. The lamb shoulder here is the star. Even cooked at medium well it's a dish you will remember. The pate with bread was something I wanted more of. This is a meat lovers paradise with alcohol. If you're a meat and potatoes type of guy.. then Cafe De Klos is for you. I wanted to eat here again but it was super packed when I came back. It's also open pretty late compared to a lot of the other foodie spots in town. The ribs are also very popular here. There's two different kinds but one is much better than the other. Don't forget to order a french onion soup here.Recommendation: Lamb Shoulder , Ribs, pate , and french onion soup",4
3,8/8/2019,Jenni K.,"This place is delicious AND hilarious! Be prepared to wait for a table. We went for a drink across the street and the host came and got us. Didn't wait too long and had a rousing debate about the presence of deadly spiders in Holland  with the bartender (spoilers: there aren't any). We ended up being sat at a table even though there were only 2 of us. Shared a mixed rib platter and it was incredible! I'm from North Carolina and these ribs were some of the best I've had bar none. Also soft, delicious bread and fresh coleslaw to die for. Now for the fun part. I watched 3 sets of high bros be turned away from the restaurant because they were rude to the host. This is not a restaurant where that business will fly. Be courteous to the staff and be prepared for a leisurely and delicious meal. Highly recommend",5
3,2/11/2015,Kelvin C.,"I think I came in here expecting something else, which was good ole fashioned-smoked american ribs slathered in tangy BBQ sauce.  Well, this wasn't it.  It's actually everything I stated above sans the BBQ sauce.  Instead they serve it with Hollandaise sauce as well as a side of Hollandaise ""bbq"" sauce...which is basically Hollandiase with a little bit of ketchup (I think).  The ribs were definitely smoked well and the meat was a bit leaner than what I'm used to so they don't fall of the bone.  Also, they provide you a MASSIVE amount of food for the price so if you order the mixed ribs plate, it is more than enough for two.  We also tried the french onion soup, which turned out to be better than what we had in france, and the tomato bisque soup, which was decent.  TIP: For a party of 2, don't be put off if the host tells you there is a two hour wait.  He's completely overestimating in order to weed out the curious people walking in that don't want to commit.  Simply head over to their bar right across the street and he'll come grab you in 45 minutes tops.4 stars.",2
3,10/1/2019,Vasiliy M.,"I heard a lot about the ribs in Amsterdam and how I had to try them. Having lived in the southern US for most of my life, I know a thing about juicy hickory smoked ribs. I was excited to try these out and see how they stacked up. First off, busy place. I had to wait for a spot in the corner of the bar, but didn't have to wait too long. The first thing I noticed was the energy here! The waiters and workers were cracking jokes and were very active. Love it!When it came to the food tho (and the cost), my experience did not need the standard set by rib cooks in hicktown, North Carolina. The ribs were soft, but lacked the juiciness and the flavor that I'm used to. And in the end the ribs cost me close to 40 USDs. I could get the same amount for a fourth of that price in the South US :/",5
3,20/8/2017,Mi N.,"Meat meat meat and more meat! We went here during our stay in Amsterdam because and the high reviews on Yelp as well as recommendations from friends and it was definitely a good place to check out if you're in Amsterdam.When we got there we were seated right away on the patio area. I think the restaurant itself was kind of small so if it gets busy, it'll probably take some time to wait for a table. Our waiter was very casual yet friendly and he showed us some popular items and warned us that we were getting a lot of food. Looking back, we should have just ordered one plate of meat and some sides because it was A LOT of food. The food itself was amazing! I got ribs that were half smoked half regular and it was so juicy and tender. My boyfriend got lamb which was also really good, though I'm not a fan of lamb in general. Tips: 1. If you're going in a party of 2, just get 1 order of meat (ribs are recommended) and order some sides lol2. Skip this place if you're a vegetarian.",4
3,29/11/2018,Sofia D.,"This place was so busy I didn't think I would get in but to my luck again, there was one empty table all the way in the back at around 9pm. In Amsterdam you literally have to make a reservation at most restaurants because you will not get into anything good until past 9-10. Take note of that. There's only a few tables here and the rest is just a wrap around bar top where everyone gathers. Service was good. I seen a lot of complaints in the other reviews about the servers . Yeah, some people could get offended at some of the things they say but I found it quite amusing. I'm a bit of a smart ass myself so it wasn't anything I couldn't handle. There was a comment made, I threw one back, we all laughed and it was all happy days from there. Do yourself a favor and just get the regular ribs, not smoked. I got the mixed platter and while both of the ribs were tasty, the smoked were a bit tough and had way less meat. Regular ribs all the way. Way more meat and fall right off the bone. They were awesome.It comes with coleslaw and bread and I also ordered a baked potato on the side. It came with garlic butter inside that was absolutely delicious. A Dutch beer to wash it all down with and I was good to go. It's a lot of food. I had someone to share it with. There's no way I could have eaten it all by myself. I wish I could have came again and tried the lamb shoulder. Next time I'm in Amsterdam.",3
3,27/6/2019,neil m.,"Pro: Very good cocktails, great atmosphere, reasonable price. Con: the menu is a hard piece of plastic that is cumbersome to use/open, our first server was a space cadet (didn't know drinks, ingredients, etc) but second person was amazing.",4
3,31/7/2018,James M.,Pretty pricey butAmazing meat qualityHuge portions so order one portion first for 2 people and see if you are still hungryBaked potato probably freshest best taste ever too ...by american standards,4
3,25/9/2017,Joyce S.,"This place is always busy but it may not seem like it because they send everyone across the street to have a drink while they put you on the wait list. (Honestly, I think they do that so you can bring your money to their other spot for some drinks.) However, I opted to not do that and just decided to wait outside. And yup, me and my boyfriend were the only ones that didn't feel obligated to go to their  cafe/bar for drinks. I didn't care cause I just wanted to eat their ribs!! I guess the host felt weird that we just stood outside so our 40 minute wait turned into 10 minute wait LOL. Lucky us! Inside is kind of dark and pub like. But it smelled good inside since they had an open kitchen where they grilled their ribs! We sat at the bar and we could see where they grilled the ribs. It looked amazing! We got the mixed rib for two people and we were stuffed! I don't know how people can eat a whole thing themselves. The both ribs were good and tender. The salad was nice for a fresh crunch. The baked potato was a nice side when you need a break from the meat. Overall, this is a good place if you want some good ribs! Service was only so-so. Sitting at the bar allowed me to see who got better treatment. But again, I just came for their food :).",3
3,5/8/2019,Andrew G.,"After reading all the reviews we thought we should try it.  Upon arrival we waited around 10min before seated,  it wasn't particularly busy but would have been nice to be acknowledged at some point.  The smoked ribs were very salty,  the cole slaw was great,  overall a mediocre at best experience.  The steak was also average, and the baked potato was good. I would not eat here again,  cost of the meal was quite high.",2
3,22/6/2018,Evan K.,"I wandered from the North of Amsterdam, around canals, took a ferry, walked over 2 miles sightseeing along the way, to find this gem. When I arrived, as expected, I was told to sit across the street and have a beer while they found me a table. The gentleman was very polite and encouraging that it wouldn't take very long as I was a solo diner that night. He was right. No sooner had I ordered my beer across the street, a fantastic Tripel beer that they allowed me to take across the street to begin my feast. I ordered the regular Spareribs and not the smoked, an order of fancy (or so I thought due to my hunger and misreading) Garlic bread but it was just butter/garlic spread and bread, and another beer while I was there. I was lucky enough to sit at the bar top so the service was fantastic and I was seated next to a nice guy from Uzbekistan (interesting convo..but where here for the food)The ribs were delicious, moist, fall off the bone and seasoned to perfection, not slathered with barbecue sauce etc.. YUM! I had one order and ate it all however if you come with two you could get a great taste and perhaps something else as the rest of the menu looked amazing as well. They also offered a baked potato however it was not necessary for me, and there was an extra charge too",5
3,10/9/2019,Denis K.,"Place is renowned for its meat plates. It offers ribs, steaks, chicken and lamb. Portions are enormous. Food tastes great. Kitchen is visible through a glass windows and one can see it being prepared. There's a nice wooden  u-shapes bar which serves as a dining area. Full bar is available. There are in-house beers available as the place is a microbrewery too.",5
3,29/4/2019,John T.,"Man o man - goooood ribs !I'm a certified BBQ judge in the US & I'm here to tell you the ribs are incredible! The slaw was fantastic as well. (I'm not really a big slaw eater, but it was SO Good, I ate it all). While waiting you must visit their pub across the street as well - great drinks- Highly recommend...",5
3,31/10/2018,Parker M.,"We came here for dinner while in Amsterdam. Be warned: they don't take reservations, and wait times can be lengthy (we waited nearly an hour). That said, this place without a doubt has the best (dry) ribs I've ever had (and I personally prefer dry rubs). Not to be outdone, the garlic butter is also the best butter (of any sort) I've ever come across.On top of that, this place might have the best service I've ever encountered--quick, attentive, and honest. When I mentioned my interest in getting a dessert, I was told without hesitation that the desserts would pale in comparison to the entree and that I'd be better off going round the corner to a pastry shop.",5
3,20/2/2017,Sydney H.,"Amsterdam... oh how many memories were made (and forgotten :x) but the ribs I devoured during my vacation here will ever shine as one of the highlights of this trip. We hear all this talk about texas vs st louis vs carolina style ribs, but holland? let alone Europe? as a contender in the bbq war? Guys believe me these ribs are legendarySetting: dark, intimate, and sounds of conversation really was a pretty cool spot. They operated the restaurant how they wanted to and it felt liberating to dine there. Service: Our server was a really cool guy and knew a lot about meat to make your face blush... Food: The fall off the bone with 0 effort. Literally you pick it up, the meat falls down, and the crowd goes wild! I've been use to the kind of meat where you have to shake it a little bit for the meat to fall off but this was nothing. I prefer dry rub over sauce on my ribs simply because sauce is overwhelming and covers up a lot of that natural taste of the meat. The rub they used was so spot on with the right amount of salty and spice. Overall: I really wanted to come back here before we left, but we just didn't have enough time. If you guys go to Amsterdam you MUST go here, no questions asked.",5
3,3/4/2017,Mike C.,Warning:  expect a 45 min - 1 hour wait.  Doesn't matter what time you show up.  Rest assured:  the wait is with it.  Tip:  If you check in with the staff - you can tell him you will wait across the street at their bar and have drinks.  He will come get you when your table/ or bar seat is ready.  The food is great. I had three in my party and we are typical Americans that over eat.  We ordered a mixed rib plat as an appetizer and each order the small Sirloin.  No sides- and that was more than enough food.  Damn near too much.  The monk beer is great but at 7%+ alcohol it will leave you on your ass after 4 pints so be careful.  You will find any number of steak houses without a wait.  At least a dozen in walking distance but there is a reason for that. I tried one and it was subpar.   Try this place.  You will be glad you did.,4
3,17/9/2018,Enkrypt L.,"Best ribs my wife and I have ever had. Ever. I don't even like ribs that much, she loves them, but we were both just blown away. The lady's portion or whatever they call it is a real thing, don't be afraid to opt for it if you aren't feeling ravenous. Sides are absolutely unnecessary. Our bartender was also awesome and hilarious, and he had great recommendations for what else to do in the city, including a neighboring coffeeshop for the necessary supplies if you need to work up an appetite to finish your leftovers. Oh and almost the best part, if there's a wait, you just cross the street to the pub that has the same owner and drink a beer or two before your seats are ready. And unlike Café De Klos, the bar actually has a great beer selection too.",5
3,19/12/2016,Alec T.,"Who would think that Amsterdam would have such a great place for ribs!! This place is really busy--we had to wait about 1 1/2 hours for our table but they have an agreement with a bar across the street where you can wait comfortably until they come over to get you for your table. Servers Kim and Coen were just awesome and made the whole dining experience even better. Personable, friendly and attentive and we ordered ribs, lamb chops, the baked potatoes were freakingly delicious!! The Pate and Cheese Platters were great appetizers.The vibe was great and definitely a place I recommend if you travel to Amsterdam! Free WiFi too!",5
3,14/12/2018,Andrea S.,"We came as a groups and we couldn't even talk during dinner, so delicious bit was. The smokey ribs are the best. Great beer as well.",5
3,13/9/2017,Kevin D.,"Absolutely delicious!  I'm not even a fan of ribs, but I love this place.This is my second time visiting Cafe de Klos.  First time was a few years ago.  It's just as good still!  We showed up around 6-7 PM and our wait was under an hour.  I liked passing the time in the sister bar and didn't even finish my beer before we were called to the table.Get the regular ribs, not the smoked ones.  The smoked ones are a bit dry (or they were a few years ago).  Both of us were really hungry and we made the mistake of getting two portions of ribs.  I really think one should serve two people, even two very hungry people, just fine.  You can always get a side if you think you'll need it.",5
3,12/1/2017,Misty M.,"Cafe De Klos, you literally rock! What else can I say. I was recommended to go here when I was in Amsterdam and figured why not. The recommender said that these would be the best ribs I ever had....well they were right. The ribs were juicy and fresh. We got there without a reservation, but no worries, there is an awesome bar across the street with the same owner. We had a drink across the street there while we waited. The bartender was actually from NYC, which was cool. When our table was ready, the person we left our name with came over and personally apologized for the wait and walked us over to be seated. He didn't even have to apologize, we hardly waited!We ordered the ribs and then an order of the lady ribs, which is a smaller portion. The two together were perfect. Everything was on point, including the amazing baked potatoes you get, which has the BEST topping of butter/garlic on them.Delicious, keep doing what you're doing and please open a location in NYC so I can go!",5
