bar_id,date,name,review,sentiment
2,9/4/2022,Isabel S.,"Stumbled across this restaurant online, decided to give it a try on our first night in Amsterdam. The place was full, we were seated pretty quickly, friendly staff, and decent amount of choices to accompany the ambiance. My meal was cooked perfectly, very tender and juicy. I chose the sweet vanilla corn as my side- a win for the night- delicious. And the wine paring suggested as very tasty, typically stick to one glass of wine (not much of a drinker), I had two glasses. I would definitely be interested in going back when/if I am ever in Amsterdam again.",4
2,12/3/2022,Elizabeth B.,"We have stopped here every visit to Amsterdam. The Mac and Cheese was very good: the addition of Dutch cheeses makes this American comfort food explode with flavor. The Camembert with bread was also amazing, as was the bitterballen. I also tried the pickle back shot which was whiskey with a pickle juice chaser. I loved it (but I also love pickles).",5
2,9/3/2022,Karla T.,"Walked in without reservations and luckily there was one available table left. Staff was very friendly. We ordered the wings, sweet potato fries, cannibale Royale Burger, a beer and long island. Everything tasted really good and the portions were a good size. Also the decorations here are pretty cool if you are into serial killer movies.",4
2,2/9/2021,Teryl R.,"Ran into this spot because the original spot was closed. First I would like to say that I appreciate the waitress for seating us without reservations (didn't know we needed because of last minute changes). We were seated quickly, and spaced out from other guests. I love how multiple people check with us to see if we needed anything at our table, great customer service. The food was just what we needed and the prices were reasonable. If I ever come back to Amsterdam I will make sure to stop by again.",4
2,10/6/2019,Elle F.,"Looking for late night food wasn't too bad in Amsterdam . I loved how this place is open until 3 am. We got to the restaurant around 1 am and there was a lot of people. I loved the vibes in there . A fun place to have dinner & drinks.They have a late night menu which Consist of items with an owl next to it. We got the ribs , classic burger , wAtermelon feta salad, and fries . All the food was delicious . Hands down the burger was amazing. It was soo good with the watermelon salad. Paired nicely. Also , hands up for the guy at the bar who made my margarita. It was perfect. I was amazed by how good it was I ordered another!Huyen our waitress was super helpful and attentive. We were asking her where to go out and I loved how she gave us selections ( although she really doesn't go out ) I thought that was sweet of her. She gave great service .I love that this place serves qualityFood for late night hours. Very impressed and went a second time during our period in Amsterdam!",4
2,11/7/2019,Brian M.,"2 X Cannibale Royale Ales2 X Sauvignon Blancs1 X Rib Slab1 X Pulled Pork Sandwich1 X Friets = $47,20.= Delicious across the board, great service, fast wifi.Tip:  Not a ton to look at, but the table for two window side offered a bit more light and was a nice spot for looking outside.",4
2,7/3/2021,Mehmet A.,"The juiciest ribs in town, and even late at night. Multiple locations and very easy to get to. Everything on the menu is pleasing and the prices are fair. It's worth the detour and great service.",5
2,14/1/2019,Chantel H.,"We arrived late in Amsterdam and we were starving! My family picked this spot and when I heard ""Cannibale"" I assumed nothing available for me to eat but I'll go along. Much to my surprise, they did have a select few vegetarian options on the menu! It is a bar so it was very busy and loud, not in a bad way. Our server was awesome, very attentive and helpful. We arrived past their normal hours of the menu so they only offer about half for the late night bites. (In Europe we noticed many bars/restaurants stop serving food very early, beware of that when looking on Yelp! We were led to many spots with no food options past 10pm.) I ordered the nachos and they were some of the best nachos I have ever had! Nachos are a very simple thing to make but I have had my fair share of bad nachos. The Heineken (when in Amsterdam) was delicious, we were feeling good off a pitcher. My brother kept going on and on about how good his ribs were.",5
2,19/3/2019,Jacques I.,"We visited Cannibale Royale, as it was listed as a Yelp Elite pick for Amsterdam.  After visiting I now know why.  Cannibale Royale is a chill, hip restaurant with good eats and solid drinks. We sat at the bar, as one of the employees mentioned that all of the tables were for dinner service.  We only wanted some bites and mostly drinks, so found three stools at the bar, which ended up being the best seats in the house.  It's where all the magic happens. The bartender became our friend.  We saw that they served Stone Brewery beers here, which has awesome IPAs, so started with beers.  For a cocktail I ordered a Manhattan, and as the menu details, it's slowly-stirred.  I witnessed the bartender slowly stir it and the poor gal had to do it twice for me, since I had another.  I still think it's odd that Manhattans served in Amsterdam are with ice (and sometimes sugar); and although it was served in ice, this Manhattan was way better than the other Manhattans I ordered while in Amsterdam.  Thank goodness. Food was yummy!  One of my friends had the bitterballen and my other friend had the roasted veggies, while I ordered the nachos with chicken.  Everything was super tasty.  The nachos were good, especially with the chicken, which I recommend adding.  There was a good spice to the chicken.  It was also a good size for sharing.Cannibale Royale was a fun place to visit for drinks, and I'm glad we stayed long enough for some bar bites.  During the two hours we were there we witnessed that every table was filled.  There was even a line at the door, waiting for bar seats to open up.  It was quickly snatched as soon as we got up to depart.  Cannibale Royale is a popular spot and worth checking out if you're in town.",4
2,26/11/2019,Melissa N.,"What a cool vibe in Amsterdam.We were sat near the doors at a 2 top table and it was a pretty loud bar/night scene even on a random weekday.We got the ribs, bitter ballen, corn, and jerk chicken and somehow finished everything. I was surprised at myself for being able to put away the entire rack, the bitterballen and a piece of corn - I really should stop eating so much...lolWe got there around midnight and it was great that they were still serving food until like 2AM because many places stopped serving food much earlier.We had a really cool waitress as well. The staff was chill and we were able to take our time and still get a nice meal.I'd come back!",5
2,13/10/2018,Devynn H.,"My friend and I were visiting from the US and our bartender at the bar we were having cocktails at recommended we come here for some late night eats, specifically the ribs.Upon arriving we were absolutely starving; needed food immediately! After ordering the nachos as a starter, ribs, garlic broccoli and sweet potato fries, I was distracted from my hunger by the fantastic vibe in this restaurant. The servers were having a good time and the music was loud.Our nachos arrived and I was in heaven, I'm not sure if it was my hunger giving wrong signals to my brain, but these nachos were delicious and had an ample amount of cheese. In fact, a neighboring table stopped their conversation to watch my first cheese pull. The only regret I have is that I didn't catch it on video.Here's when things get a little rocky...our ribs took FOREVER. I mean, we got past our hungry and we were falling asleep at the table, our server didn't return to see if we wanted any more drinks or water while we were waiting, and that's the only negative thing I have to say. When our ribs finally arrived, they were absolutely amazing! Tender and fall off the bone, the bbq sauce was perfectly sweet and spicy, I only wish I hadn't eaten so many nachos. The sides were also scrumptious, the garlic broccoli was roasted (my favorite way to eat broccoli) and the fries were crispy and salty.Overall, a great dinner, will definitely return if I ever make it back to Amsterdam!",5
2,17/11/2019,Alan W.,What a great experience and so much so we went twice in four days.  We stopped knowing we had no reservations and it could be an issue.  They stated they were booked so we sat at the bar and before we could order they had moved people around to get us a seat.  The service was outstanding from the beginning. We ordered a couple drinks before dinner and decided on a few sides and the ribs.  Wasn't sure what to expect of the ribs but honestly I could have eaten several slabs.  They were perfectly tender and had a unique sauce that was a bit sweet.  They were heavily caramelized which placed them in the top five best ribs I have ever had.  Everything was so great we decided to have a late night slab the following night after our early dinner.  Definitely a place to check out but be sure to make reservations as it was crazy busy both nights.,5
2,13/5/2021,Sara P.,"This place was great. We tried the nachos, which are the best nachos I've ever had, and the steak tartar which also was amazing!!",5
2,29/1/2020,Bobby S.,"Food was good and would definitely recommend it. We were disappointed with the service. Long wait times and at the end, the server forced us to tip. I did bring to notice the average service and he came up with some excuse to justify it.",3
2,29/8/2019,Stella T.,"We walked in on a whim, no reservations. The place was jam packed! The friendly hostess was very accommodating in getting us seated fairly quickly. We ordered drinks which came out quick & really spot on perfectly made. The menu is in correlation with the namesake, lots of meat offerings. I ordered the classic burger & the bf ordered ribs. My burger was a tad salty but really good but his ribs! Oooooh man! Those were some serious finger licking ribs! We really enjoyed ourselves here & I highly recommend checking this place out. It's only fair that I pass on the baton since I found this gem through yelp.",5
2,9/6/2018,Adri P.,"My. God. The ribs fall off the bone!!! And you're given plenty. The mac n cheese in the cheesiest and creamiest ever (hello Dutch cheese), and the garlic broccoli is amazing and so fresh. Staff was super friendly and welcoming. There was a bit of a wait, but no more than 10 minutes and well worth it. Food came quickly once seated. And it was nice and hot!Typing this as I try to recover. Can't breathe. Unbuttoning pants... hoping to digest for round 2.",1
2,2/4/2019,Marian M.,"It was really late at night, we just arrived to Amsterdam from Bergen. There were not many options but as foodies, dinner its a big deal for us. Cannibale Royale is a trendy-rock bar with very tasty bitterbals, burgers and great beer.Era muy tarde a la noche, recién llegabamos de Brujas a Amsterdam. No había muchas opciones pero como foodies, la cena es un tema para nosotros. Cannibale Royale es un bar trendy-rockero con muy sabrosas ""bitterbals"", hamburguesas y gran selección de cervezas.",4
2,22/2/2017,Andy K.,"Make a reservationI stopped in and was able to get a table with a small wait on a recent visit. I'm so glad I did as this was the best meal I had on my business trip! They have a great beer selection and everything on the menu sounds amazing. We started with the bread, because, who can skip buttered bread?! I had the classic cheeseburger and it was so filling that I couldn't finish the last few bites. The fries were done perfectly and had dipping sauce. I also got a side of broccoli and it was cooked nicely with great flavor. No negatives here. If you're looking for a dinner spot, this is the place.",5
2,13/5/2019,TD C.,Awesome food! Awesome service! I recommend making a reservation - as it's not a very large restaurant (this the original location - there are newer locations) Our reservation was for 6:15pm and there were not many patrons at that time but by the time we walked out it was full! My daughter and wife shared the ribs and the meat just fell off the bone. I had the Classic burger well done - delicious as well. We also ordered sides to share - Mac and cheese-  super hot and very cheesy; fries - nice and crispy on the outside soft on the inside and the sweet corn which my wife enjoyed. Next time in Amsterdam we will definitely go back!,5
2,10/9/2018,Valerie C.,"This was the first dinner of my friend's Amsterdam bachelorette. My co-planner easily made reservations for a group of 10 in this hot spot right near the Red Light District.Our server was easily one of the best servers I've encountered for such a big group! Our entrees took a little while to come out - but we were happily indulging in bitterballens (omg, BOMB!) and their cheap beers. The entree portions were HUGE and delish! I had the steak tartare and some of of the girls had ribs and their famous burgers. Everything was divine - down to the sides! Such a great first night dinner - thanks Cannibale!",5
2,28/11/2017,Roxanne G.,"Amsterdam is definitely not known for its food, but if you're looking for a delicious meal, then Cannibale Royale is your spot! Cannibale Royale is for meat lovers who enjoy exotic beers and unique wines. If you're coming in around dinner time, try to make a reservation in advance because this place fills up quickly. They also offer dinner at the bar, but if you want a proper seat, then a resi is a must. Everything we ate was amazing - here's what we ordered: steak tartare, lamb chops, bitterballen, a salad with mozzarella, and sweet grilled corn. We were just 2 people and this was plenty of food! We paired this food with the delicious Spanish Red Wine; it like a hybrid between Pinot Noir and Merlot. The steak tartare was extremely fresh. It came with a small quail egg, truffle-mayonnaise, bacon toast, capers, and anchovies. We mixed everything in except for the anchovies. My mouth is watering just thinking about it. The lamb chops were flame grilled frenched baby lamp chops with salsa verde; they were very tender and cut like butter. The bitterballen was one of the best I tried in all of Amsterdam. Bitterballen  are deep fried meatballs; they aren't regular meatballs, they're a mix of meat, flour, and spices. The salad was fresh and flavorful and nice green to compliment the meat. The grilled corn is covered in a vanilla based butter. The flavor was unique but also very delicious - definitely a must try! The staff here was also very friendly and kind. :)",5
2,7/6/2018,Ivy C.,"3.5 in actuality. It honestly isn't bad. We came here from a referral. The wait was about 45 minutes, not bad we went next door to the Coffeeshop and chilled there till it was time for our table. We got seated outside in a really tiny shared table. It was fine. We ordered ribs, a steak and a beef tartar. The beef tartar was decent, nothing amazing as far as beef tartars go. We asked for the steak to be medium rare but I'm positive it was rare, but still pretty good and flavorful. The ribs was the one thing I was looking forward to the most!! It looked super appetizing. But when u cut into it, it's pretty dry despite how beautifully it falls off the bone. Pretty disappointed in that. The red wine is disgusting don't get that.",3
2,2/7/2019,Harol L.,"Good ribs and good service! A super busy restaurant in the red light district. Overall a good experience, I would recommend this place for somegood barbecue ribs.",4
2,20/6/2019,Stefanie B.,"This review is for the guy working the front the evening of 4/24/19 around 11:30pm, who should not be working in customer service.We walked in, said we were a party of 3 people, his response... ""Full"". ""Ok, soo how long is the wait?"" ""Full."" ""All night?""He rolls his eyes, shrugs and says, ""like an hour.""Ok... so we turn around because his attitude was nauseating and he goes, ""k BYE.""Did you want us to gravel at your feet podium man?We travel from Los Angeles twice a year, entertaining artists and agents; always take them here but we won't if you are going to have the customer service skills of a barn animal. Also the quality has declined since we started coming here several years ago. Beef tartare is good but the burgers were too undercooked last time (it was just too much raw meat going on) and the ribs were dried out and took forever because they accidentally dropped them... and then brought another table their order which included ribs. So by the time I got my burger it was cold.",1
2,23/2/2020,Jenn B.,"It was early morning 1:00 ish.  We had just arrived from the airport and the restaurant we wanted to got was closed.  What a fortunate experience.  When we first arrived I was a bit perplexed as no one greeted us and we had to search out someone to seat us.  However, after that the service was amazing! There is a great vibe and the food is terrific.  I believe I ate the best hamburger ever!  We would definitely return!",5
2,18/4/2018,Rosalind C.,"Outstanding service goes a long way and this place has it. We were visiting from the states and arrived with no reservations. The place was packed and the host had a cancelled reservation and sat us. Our waiter did a great job checking on us. We ordered the burger, which was outstanding and the ribs which were ok. Overall a good place to try while in Amsterdam.",5
2,9/1/2018,Kevin Z.,"This is one of the staples people recommend when you come to Amsterdam. They have serval locations and are open later. I can describe the environment as a bar that serves good food. We originally were going to have lunch on our first day, but our Uber driver talked us into another place. However after the café one night we popped in to fix our hunger. When we walked in it was Saturday night around 11pm so they had Kayne blaring. After reviewing the menu we ordered:Le Burger du Moment - it was a burger w/ pork bellyFlame Grilled Lamb T-bonesThe burger was ok. Nothing as exciting as we had heard. Especially since I just had an amazing burger elsewhere this burger had a lot to compare to. Figured that pork belly would edge it out for the win, but not this round. My gf barely ate the lamb as it was a lot of fat. I will say that the bonus is that they do have their own beer that is a blonde, called Cannibale Royale of course!I see why people like this place. It's kitchen is open late. So whether you're coming in after the club, the café or just for lunch/dinner you'll be able to get a bite.",5
2,2/10/2017,Jodi G.,"Desperately searching for a kitchen open late, we found this place. It was a fun, funky little place, with good food and strong drinks. I have to admit- it was pretty amusing to be in Amsterdam, enjoying nachos and margaritas, in a cannibal themed bar, listening to 50 cent bumping loudly! What a combo!",4
2,8/4/2019,Mike A.,"Short version: get the wings, ribs, a burger, garlic broccoli, and a couple Two Chefs beers.  Baller AF.Longer: wings aren't really hot-spicy, but really crispy and flavorful.Ribs are super tender but not mush. Great bark and flavor.Burger... vaporized.And some how we managed to eat a bowl of garlic broccoli with that meat fest because it was perfectly cooked and seasoned. The house beer and Two Chef labeled beer paired great.So full, and so worth it.",5
2,1/2/2020,Leena R.,"I am absolutely in love with this place. I was in Amsterdam for a short trip and looking for a place with a relaxed atmosphere and great drinks where I could get a delicious birthday meal at midnight. Not exactly an easy find as most kitchens in the area closed down at 10pm except for a select few burger/fries spots, but our hotel concierge recommended Cannibale Royale. The ambiance is a nice mix between a restaurant and bar, with trendy decor and super friendly staff. The food is mouth-watering good, which is not an easy thing to find at midnight! I was able to get a huge ribeye steak and a side of some of the best Mac and cheese I've ever had. The beer selection is also pretty great. But the cherry on top of a great meal/drinks/service was when my boyfriend mentioned it was my birthday and our waiter brought out complimentary shots to take with us. We left in such good spirits that we came back the very next day with friends, who also loved it as much as we did. This was the perfect place to spend my birthday and I'll be back the next time I'm in Amsterdam!",5
2,2/4/2019,Shoba P.,"Delicious food. Enjoyed dinner at a shared table and met new people. We got the pulled pork burger and the impossible burger and they were HUGE and extremely fulfilling. I also had grilled broccoli was delicious.  I would have given 5 stars but our waitress was not very friendly, she brought out the wrong wine and I requested a beer which she never brought. We were there to have a good time and I did not have the energy to get annoyed so went with the flow. Reservations a plus but not needed.",4
2,21/3/2019,Sommer G.,@cannibaleroyale is life changing! From the wings to the cheeseburger to the ribs everything was mind blowing!! I was so so full but I just kept eating! The ribs were some of the best iVe ever had!! I can't wait to go back to Amsterdam just for these ribs!!,5
2,19/3/2019,Amanda G.,"Highly recommend, but reserve at least a week ahead! We were in Amsterdam for my husband's birthday, and I'd read many rave reviews about this place. I forgot to book a reservation, and when we arrived it was fully booked on a Monday night. The host said we could wait for a table at the bar (there are 6 seats there), so we gave it a chance. Fortunately, we waited only about 20 minutes. Service/Atmosphere: The bartender and staff were friendly and seem to enjoy being there. Atmosphere is interesting... antique photos on the walls and baby dolls hanging from the ceiling. Great playlist and the music wasn't too loud.Food: Amazing! I had the flat iron steak and sweet potato fries; he had the ribs and regular fries. Everything came out hot and delicious. The ribs were especially good, with lots of flavor and not too saucy. Will return next time we're in town.",4
2,17/3/2019,alvir n.,Dead babies + top 50 hip hop. Classy.Vegan burger was delicious. Nachos were delicious. Aesthetics are on point.,5
2,22/2/2019,Arthur C.,"This is a perfect place to grab a drink or a quick bite with some friends!  My friend and I came here after a drunken night on the town-- needless to say, we wanted drunk food.  We were planning on the fries, but the waiter recommended the nachos, so we gave him the go ahead.We got chicken nachos which were amazing!  It comes with sides of crème fraîche, guacamole, and mild salsa, all of which were delicious.  The nachos themselves came on a very hot bowl topped with jalapeños, black olives, raw red onions, loads of cheese and interestingly (to us Americans) mayonnaise!  I have to say, the combination was excellent!What makes this place extremely unique is that it's horror movie themed.  When we sat at the table, we noticed a bunch of creepy old dolls hanging from the ceiling to our left.  In addition, they have weird weapons and creepy old family portraits lining the walls.  Very cool spot!",5
2,18/2/2019,Alaysia P.,"Food was amazing, especially the lamb chops and wings. It's really busy in the evenings, so it took a while to get service.",4
2,4/2/2019,Michael J.,Food was alright. They were out of the item that I really wanted so I got the burger with pulled pork on it. Beer was so so. Service wasn't great but I'd go back. I'd give a 3.5 star if I could.,3
2,22/1/2019,Jeanette J.,"I loved Cannibale Royale. The margarita was perfect! The ribs were seasoned well, the BBQ sauces was tangy, a little sweet but not too much and the meat was so tender it literally fell off the bone before I could take a bite. The service was fast and friendly. The atmosphere was chill. I recommend!",5
2,14/1/2019,Robert A.,"Great atmosphere, music, service and food. We got the garlic bread and charcuterie board. Incredible! A must visit if your in Amsterdam.",5
2,16/12/2018,Telmo O.,"I tried vegetarian food, paleo diet, soy-milk, even shrimp (they're the cockroaches of the sea), so I am not one to reject a new experience.When I was invited to this place, I prepared as best I could - saw the original Hannibal trilogy and a few vampire movies (closest thing to a royal cannibal I guess).The staff was really helpful even though we had no reservation. Once we got our seat, one of the best parts of the restaurant came to light -- the menu!They give really funny names to their dishes, so I ended up having the ""Le Modest"" while my gf had ""Le Magnifique"". I guess we were both thinking about each other when we ordered, although she's too modest to admit it.Small note for the menu item ""L'Absurde"" -- a 1000g steak, that few lived to tell the tale. There is even a hall of fame for them, right by the entrance, with a board of who ate this beast and how many times they did it! I could already see we were in for a treat when the cutlery was placed at our sides. A strong, purposeful fork paired with what I'm gonna call a ""murder"" knife. Didn't know how much meat was coming round the corner but whatever it was coming our way, we were definitely ready to hack & slash our way through it.Then, the meat! Wow, I don't know who that person was, but it was delicious (probably a former cross fitter). The meat portion is huge and I liked the fact that it was served on a small meat carving board, to really let you feel like a butcher. Meat lovers will rejoice of course, while vegans might reconsider some annoying life choices they made.As for the space, it's this cool dark environment, not very noisy, where you can have a normal conversation or seat as a group without disturbing others too much. There are these cannibal references all over the walls which make this place really fun and unique. Dare to enter if you're around the area ;)Bonus point: open till late (1 or 2 am I think). Hard to find places like this in Amsterdam.",4
2,28/3/2018,Maria F.,"They certainly don't skimp on the meals; I couldn't finish the massive burger I was served. Food was really good. The place was crowded, but we lucked out on our timing: we didn't have a reservation but there was one free table. Would come back again. I wouldn't call this a ""family friendly"" place: it was mostly a younger, singles crowd, dark interior, louder background music. But older kids (10 and up) would be fine.",3
2,20/3/2018,Rowena P.,Really cool vibe and yummy food in a back alley of the streets of Amsterdam. Definitely recommend for anyone who wants to be right in the scene for a good break before a night out.,5
2,16/3/2018,Daniel F.,Pretty good burger and meat for Europe in an American style joint. The fries are good. Overall a solid experience. It wasn't the best but bang for buck it's pretty good.,4
2,13/3/2018,Rachel A.,My boyfriend and I stopped here for a late dinner and were very impressed by the food!  The atmosphere was fun and energetic and we were served quickly despite it being busy.  My boyfriend loved the burger and my New York strip was cooked perfectly!,5
2,5/3/2018,Ang S.,Cannibale Royale feels hidden and away from the flashy tourist traps. It resembles more of a college hangout spot in Lower East Side with the exception of those over-the-top thriller movie props. The food was amazing. Quality meat and awesome burger. What else can you possibly ask for? Definitely get the bitterballen and garlic bread. Creepily addictive.,5
2,19/2/2018,Carl N.,Absolutely delicious! Probably the best meal I have ever had in Europe. Glad to be a carnivore.,5
2,17/2/2018,Suzanne F.,Excellent ribs!  Hands down my favorite meal while in amsterdam.  We didn't have reservations so we had a wait.  Not a problem we went and explored and came back to a table. It was well worth the wait.  The ribs were out of this world fall off the bone.  The burger was excellent too!  Great service and fin atmosphere.,5
2,14/2/2018,Steve M.,This place is off the beaten track and excellent. The burgers are juicy delicious and the pastrami is superb. Atmosphere and service was super good. Well worth the visit.,5
2,9/1/2018,Suzanne J.,"The decor was kinda cool and morbid. But the service was quite slow. Our server must have realised he'd left us for ages, because he did apologise. At least we had our drinks to sup whilst he was away. We looked on at other tables eating with a bit of longing. We decided to go for the Ribs since they were so highly rated on Yelp. We could see that this was the dish of choice for most in the restaurant. It was a massive board full of ribs that also came with a pot of mayo and a pot of BBQ. The meat was tender and tasty. I wouldn't say it's the best I've ever had. Or anywhere near that. But they were good. If they could have fell away at the bone a bit more, I would have loved them more.We ordered some fries to share. Sadly they were like crisps. Maybe that's how the Dutch eat chips? I couldn't eat it anyway and left them.It was quite expensive for what it is. I wouldn't go back.",2
2,31/12/2017,Todd F.,"The hamburgers in this place were beyond amazing. The hamburger special was a combination of ingredients you'd have to be mad to try, but somehow it unified into a coherent whole that was delicious. Macaroni and cheese was good, fries were good. If you can eat here, consider yourself lucky.",3
