bar_id,date,name,review,sentiment
7,7/5/2022,Kim F.,"Amazing!!!! So many choice to pick from... we enjoyed a charcuterie board, dim sum, steak, seafood and fantastic cocktails .....",5
7,20/11/2021,Gary H.,"The name De Foodhallen says it all. A big, awesome food hall. It's a bit overwhelming when first entering. Restaurant booths cover both sides to the very back until you reach a seperate restaurant ""Kanarie Club"".  It's not the cheapest, but it is an event. Great for large groups if you get there early.I am sure most of the food places here are absolutely most delicious. I know Fento is good. There are bars in the center. It's just a bit busy for me with the crowds and you cannot reserve seating. It was really nice when you could sit at a table and order from your phone from anywhere (during the 2020, 2021 times). It's definitely a landmark and a must to visit. Not touristy but also great for tourists.",4
7,5/5/2022,Lynne C.,"Fun food court with a great assortment of options and restaurants to choose from! Fried chicken, Banh Mi's, burgers, the list goes on and on! Filled with tourists and locals alike, I would highly recommend finding a place first and then getting your food. When I came it was absolutely packed and since I was alone, ended up just eating my sushi standing. The sushi was surprisingly dry and not that great but the food hall itself had a really great atmosphere and super fun vibe!",4
7,5/4/2022,Sze Ting L.,"Fantastic options at foodhallen - I thought it would be an overpriced food hall for mediocre stalls, but we truly found the best! It is extremely diverse and international, but I would recommend the seafood and meatballs stall. I tried the soft shell crab roll, and it was a generous portion of soft shell crab with light batter. The meatballs were mixed with a peanut sauce and came with prawn crackers. The prices were fantastic!",5
7,3/3/2022,Tim G.,"Fun experience, hidden gem.Great food and amazing ambiance. Foodhallen makes for a great night out with friends.",5
7,2/4/2022,Christy T.,A large space with numerous food options - we ate nachos from Fento then had wontons and dumplings from Dim Sum. Delicious and fun!,5
7,3/3/2022,Adrian A.,A vibrant lively place. Came here on a Thursday and it was fire! If your from Los Angeles it's very similar to grand central market but way elevated and cleaner!,5
7,22/8/2021,Jennifer O.,This place was awesome! There were so many food and drink options all under one roof. The worst part was trying to decide what to order. There were several areas to hang out within the food hall that were comfortable. Definitely a must try!,5
7,31/8/2020,Penny L.,"Having visited a similar concept in Lisbon I was really excited to check this place out.Walking through a shopping arcade we approached the food court  where we used the hand sanitizer provided and checked in online for covid purposes. The way it works..wonder round the one way system (not everyone adhered to this) check out the stalls, sit your arse back down and bring up a menu by scanning a QR code. Once you tap your selection and paid online  the food will be then delivered to your table. The stalls offered the following,  pizza,  meatballs,  smoothies,  tarts,  Mexican food, American wings, fish, greek and tapas. The prices extinguished the street food vibes but saying that Amsterdam is expensive. I chose the meatballs and a lemon tart. Himself chose the beef rolls in gelatinous rice and the pecan tart.  With a drink each this came to like €40.The food was delivered promptly,  the meatballs were forgettable and the tart miniscule.  The rolls were the best value although they contained lots of fresh mint which my partner hates haha Overall I would skip this place if I were you and treat yourself to a proper sit down meal",1
7,17/10/2019,Louisa M.,"Food Halls are a major draw for me no matter where in the world I travel, so I found De Foodhallen on Yelp and set out on foot to check it out. That was strike one for me. This place is far on the outskirts of town, it took me almost an hour of walking in crummy weather to finally reach it and when I did, it was not a fun experience. This is a very locals type place. I wouldn't go so far as to say it's unfriendly to tourists, but we weren't exactly welcomed. The Food Hall was an absolute madhouse, totally packed with people. I couldn't walk without bumping into somebody, and then I'd get an annoyed look and a sneer if I said ""excuse me."" It was so unpleasant. We were starving and ended up at the one booth that didn't have a massive line -- one with gourmet hot dogs. We ordered the most interesting sounding one on the menu: a spicy sausage topped with bacon and fried potatoes in a pretzel style bun.Once our food was ready, it was time to jockey for a seat. We couldn't find one anywhere. Most of the tables didn't have chairs, they were just high top ""shelves"" where you stand and eat. Nope, nobody would make enough space for us to squeeze in. So we had to go outside and stand and eat in the rain. There was no other option, and it made an unpleasant experience boil right over the edge. The food we had was good but very expensive, and I felt like an outsider in this part of the city. Normally I don't get those unwelcome vibes, but I did here. I'll probably go back and check this place out next time I'm in Amsterdam, though, but only very early on a sunny weekday, not a crowded weekend.",2
7,7/3/2021,Mehmet A.,"Name a country or type of food, and I bet you'll find it in De Foodhallen! I seriously walked around for close to half an hour trying to decide on what to eat, the choices were overwhelming!I settled on a banh mi from the Vietnamese stall, but my friends got the tacos, falafel, and another grabbed something form the burger place. The bathrooms here are also really clean, so you can let it rip without any hesitation!",5
7,17/12/2019,Annette C.,Super cool place with lots of restaurants and food options! As Amsterdam Photographer I always recommend this place to clients at then end of my Amsterdam Photoshoot + Tour!,5
7,22/8/2021,David B.,"Options for everybody. Great food. Cool place. I just can't seem to leave the taco place alone, though there are so many other options! I try to go with a large group of friends so we can do buffet style and try lots of different things.",5
7,27/12/2020,Matthew L.,"Having visited a similar concept in Lisbon I was really excited to check this place out.Walking through a shopping arcade we approached the food court  where we used the hand sanitizer provided and checked in online for covid purposes. The way it works..wonder round the one way system (not everyone adhered to this) check out the stalls, sit your arse back down and bring up a menu by scanning a QR code. Once you tap your selection and paid online  the food will be then delivered to your table. The stalls offered the following,  pizza,  meatballs,  smoothies,  tarts,  Mexican food, American wings, fish, greek and tapas. The prices extinguished the street food vibes but saying that Amsterdam is expensive. I chose the meatballs and a lemon tart. Himself chose the beef rolls in gelatinous rice and the pecan tart.  With a drink each this came to like €40.The food was delivered promptly,  the meatballs were forgettable and the tart miniscule.  The rolls were the best value although they contained lots of fresh mint which my partner hates haha Overall I would skip this place if I were you and treat yourself to a proper sit down meal",1
7,13/1/2020,Chengru L.,Always a great choice.  Love getting a meal with the family where we don't all have to choose the same type of meal.  Also impressed with the measures taken post COVID.  Ordering via the QR code is convenient and massively cuts down on the close interactions that used to exist here.,5
7,11/6/2019,Elle F.,my older brother lives in Holland & my family came to visit for the first time. my younger brother & i are very picky & being we're Mexican-American we aren't used to the flavors here & had been having a hard time finding restaurants we all can enjoy. my older brother brought us here as a last resort & we had an amazing time. they have a couple of full bars inside & many different foods from different places. we found something for everyone & met some cool people on the way. definitely recommend!,5
7,14/7/2019,Teah R.,"Loved this place, got indian food (chicken tikka masala) also got the lotus flower bomb at another stall, and the apple pie from kanaria (i think that's how it's spelt)all really good, i 100% want to go back",5
7,8/11/2019,Marin J.,"Super cool spot with good variety! Bulls and dogs was decent but not as amazing as I'd hoped. The meatball was good but overpriced. Wings were ok. Too much to try, we need to go back!",4
7,28/5/2019,Phil N.,"I've never been super impressed by food markets and de Foodhallen didn't impress me either. It is very nicely decorated and worth going just to walk around. There are other halls in the same building too.We went at night and it was pretty crowded. It was difficult to find a table so if you're going with friends, one person should claim an open table while the others get the food.We got the Dutch Meatballs and the beef balls from de BallenBar. The meatballs had good flavor but were pretty salty. It was hard to eat more than two of these. The beef balls didn't taste like beef at all. I did like the texture of the well-fried exterior and the smooth interior. It was pretty bland so I was glad we got the truffle sauce. That really saved the balls and made it taste pretty good.",3
7,29/8/2019,Alex C.,Amazing place to visit!! They offer a variety of food options with wine and beer . A must do for anyone visiting Amsterdam. I would recommend walking even though it's a little far from central,5
7,17/5/2019,Shannen C.,"Foodhallen was a cool place to grab food and drinks. The place was pretty busy on Wednesday night. Here are some pros and cons of Foodhallen:ProLots of different types of food to choose from.All the foods we tried were tasty and look and tasted fresh. Gin and Tonic bar was amazing, really refreshing and tasty gin and tonic drinks, unlike any Gin and Tonic I had in the States. Awesome vibe! ConHad a hard time finding an open seat after we get our food.A lot of food vendors only take card, no cash option. I guess this is pretty common.Felt like the prices were higher.Overall, fun food and drink experience in Amsterdam and recommend everyone!",5
7,8/2/2019,Samantha L.,"While I love the food hall concept itself, the food stands were extremely disappointing.I strolled through the entire hall before picking a few to dine from. I had a nice margherita pizza and took interest in a patisserie stand. The rest weren't worth the money or the calories. Skip the Spanish tapas. The ramen was the worst! It was essentially soy sauce and water, there was no real developed flavor.Better for drinks and hanging out.",2
7,14/3/2019,Jacques I.,"I love that Amsterdam has a food hall, a concept I'm a fan of.  Why settle on one food destination when you can select from a variety?My friends and I came here to check it out and were pleased with what we found.  The place was packed on a weekday during the dinner hour, which is always a good sign.  Like a typical food hall, there are various eateries throughout the floor with lots of seating usually in the center and a few bars with counter seating.  I advise pulling up a seat at one of the bars for the easy access to booze.  Of the eateries, it's a pretty good variety, from a Dutch specialty of bitterballen, to Asian eats like dim sum and baos, to BBQ and wood-oven pizza.  Lots to choose from, so go with friends and share.  All of the vendors accept card.  Glad to have visited De Foodhallen, as it's a popular place for locals and tourists.  Throughout my entire time in Amsterdam I met most Americans here at the food hall!  It's a fun place to socialize, drink and eat.",4
7,30/12/2018,Lindsay D.,"The concept of food halls is catching-on around the world, and this particular one is definitely a higher caliber than others.I came on a Thursday morning shortly before noon which meant that the shops and food vendors were not open until noon.  This gave me time to walk and browse to spy which vendors were a must go to for me.  The bar was open before noon, so I got myself a Moscow Mule to sip on before chowing down.The bartender was friendly and mixed a very nice drink.  I sat there at the bar as the vendors began to take orders and dole out food.  In the end, I ended up ordering from Bulls and Dogs, Viet View, Jabugo Bar Iberico, and Dim Sum Thing.  Those reviews will all be separate at their respective Yelp pages.The Food Hall was very clean and had plenty of seating for the flow of people that were coming in that afternoon, but I can easily see it getting packed and people spilling out elsewhere to get seats.  The variety in the vendors was a welcomed sight and the prices for almost all vendors was very appropriate.",5
7,27/12/2018,Lydia A.,"I walked a million miles to get here bc it cameUp as a go to food market. I finally found it (tucked away in an alley). Honestly there wasn't anything special. There are various vendors (Thai, Indian, froyo, tacos, dim sum, sushi, beer, hotdogs, burgers, etc.) but it reminded me of all things I could get in the US. I got these bitterball fried balls which were actually pretty good but pricey at 7 dollars for 5. I decided not to get anything else bc I felt like it was all pretty basic. The only place that sold water was the bar which was 3 Euros! Madness. Would've been nice if they sold more European style food or some sort of Dutch food",2
7,30/9/2019,Ryan A.,"If you know me by now, I tend to make frequent stops at food halls, or indoor/outdoor markets as I find them to less touristy and more geared to locals (In most cases).De Foodhallen flirted with a tourist trap, but ultimately brought a locals vibe more than anything. It is the perfect place if going out with a bunch of friends who are very picky in terms of what they prefer to eat. It is littered with food stalls serving tasty meals from around the globe. Want ramen...they got it, want tacos...they got it, want hamburgers...they got it, want local bitterballens...I think you get the idea. Being a foodie, I was in heaven, I must of done four to five rounds before deciding on what I wanted. Being day six in the Netherlands and not having much local food, specifically the fried balls of goodness otherwise known as Bitterballen, I had to cave! They offer a platter with all different flavors at one of the stalls for a great price point. My travel partner decided she wanted a burger, a blue cheese to be specific. Both meals were phenomal, might I say one of the better while staying in Amsterdam. I will forewarn you, this place is popular, so much that seating can be a pain in the arse. If you have a friend(s) with you, it may be wise to split up with some finding seating depending how busy it is. Either way, make sure to bookmark this wonderful food hall, not only for their scrumptious food, but also their beer stalls and awesome lounge areas!",4
7,6/2/2020,Sherry H.,"Super cool spot with good variety! Bulls and dogs was decent but not as amazing as I'd hoped. The meatball was good but overpriced. Wings were ok. Too much to try, we need to go back!",4
7,24/10/2019,Gurpreet L.,"I am absolutely in love with de Foodhallen and although I left Amsterdam nearly a week ago, I can't stop thinking about this place. The hall itself has a wide array of offerings to fit any hungry visitor's needs. From Vietnamese sandwiches to burrito bowls to cocktail bars, this place really does have it all. It is also very vegan/vegetarian friendly! Not only does it have a lot to offer in terms of food and drinks, but de Foodhallen is also big on sustainability as can be seen with their plates and utensils. Every food stand is unique and it is apparent that each vendor has crafted each dish with care. That combined with their efforts to minimize their environmental impact makes this place a huge win in my book. To be fair, I only tried Fento which does a healthy take on Mexican food and it was one of the best things I've ever had. I tried the vegetarian bowl they had and then the very next day I went back again to have it in burrito form. Both knocked my socks off!",5
7,22/10/2019,Brianne S.,"If you're in Amsterdam and love food this is definitely not a place to miss! Easy to reach by tram (just Google directions) this housed about 20 different food/drink vendors all under one roof. In a mood for Vietnamese? No problem. In a mood for Dim Sum? They got you! In a mood for a both and a side of tacos? This is your place! Seating here is definitely hard to come by but you'll find a spot or somewhere to stand and eat your food. You're going to keep on the move to get different things anyway. There is a great beer bar here with cans/bottles/drafts from all around the world, and an excellent gin & tonic bar across the way serving up real classy drinks to go along with anything you chose from the food hall. We were only in A'dam for a few days but I loved this place so much we came back twice to try even more! If ever we find ourselves back in town, this will most definitely be on the list to visit again!",4
7,11/11/2018,Veronika B.,"FoodHallen is an awesome food court with a ton of options. Whatever you eat, they have it! Came here on a Sunday at a very busy time and I was able to get a seat. It's super informal, everybody who helped me was super friendly. I ate the portobello burger from Padron, Dutch vegan cuisine, and it was definitely fantastic! If you need to charge your phone while you eat they have lockers for 1.5euro. Besides the food hall there are a bunch of unique shops and galleries inside and a free bike parking garage underground. Everything is priced reasonably, great atmosphere.",5
7,16/12/2019,Meredith S.,This was my favorite place to eat in Amsterdam! It seems like they were mostly locals here and not a lot of tourists. It's a giant food hall with a bunch of stalls all around and bars in the center. We went in the evening time and it was absolutely packed but we didn't mind. It was fun to be able to try a bunch of different things. We ended up at the gin and tonic bar which had over a dozen different gin and tonic varieties!,5
7,29/10/2018,Tim X.,"It was around the corner from our AirBnB on Ten Katenstraat, and there's plenty of choices. We tried the Vietnamese place (Viet View), supposedly ""Street Food"" but it wasn't quite what we expected - the bowls were a little too salted with soy and there was no soup. The Banh Mi was decent and filling, good choice.The standout was Jabugo, where they had Jamon Iberico de Bellotta and some really good manchego, both of excellent quality, albeit quite pricey.A great place to eat if you are around the area.",4
7,20/7/2017,Yvette M.,Nice change of pace. Went there with a group of 6. Everyone was able to get exactly what they were in the mood for. Wide variety of food and drink. Definitely on the docket the next time we are in Amsterdam.,5
7,6/2/2017,Cathy Z.,Neat concept in Amsterdam a bit off the tourist block. This place seemed to have something for everyone! We shared a burrata board and some tacos. The tacos were honestly incredible. They were pulled chicken and had pickled onion on them. So good I should have ordered a platter! The burrata was nice too. They top it with some truffle oil. Not the best burrata I have but a tasty snack during the day.,4
7,25/6/2017,Cynthia B.,This place says it opens at 11 on Sundays. But if you come don't plan on eating- no one will actually take your order until 12.,1
7,29/10/2017,Debby N.,"Didn't live up to the hype. I was really excited to go here after seeing it mentioned by quite a few travel bloggers. It was alright. It's basically like a food court you'd find at a mall. There is a variety of food but in my opinion the food tasted average and some of the staff are kinda rude. I do think the bitterballen I got was pretty good, my boyfriend enjoyed his burger but my calamari was mediocre.",3
7,10/9/2018,Valerie C.,Fun place to go sample many items. I enjoyed the Amsterdam meat hush puppies the best. De Allen I think it was called! The sampler was great with their  special mustard.,4
7,30/10/2019,Pia M.,"5 stars for Gin & Tonic bar.5 stars for the stand with the 5-cheese hot dog.5 stars for their great selection of beer.4 stars for the stand with the Jamon Iberico platters.There are lots of different vendors here like dim sum, sushi, seafood, burgers, tacos, tapas etc.  Although Yelp says they open until 1am, most stalls close between 10-11pm.  Also most of the stalls do not take cash, so make sure to bring a credit/debit card.Enjoy!!",4
7,29/11/2019,Blake C.,Foodhallen was really cool! It is full of different kinds of food for any and all the cravings you may have. I think I did about 3 laps before even deciding what to get to eat. It was overwhelming with how many choices there were.It was extremely hot in the hall with all the vendors cooking and just the amount of people in the area. It was really crowded and loud but the food was amazing.All I can say is good luck picking a place to eat because it's hard to choose just one!,5
7,11/9/2018,Deana M.,Great food and good vibes. Can be hard to get a seat. We were lucky there were only two of us and enjoy sitting at bar tops. Some places are card only FYI. We enjoyed getting bites from different venues and listening to the DJ.,4
7,30/9/2016,Cicely T.,"Pretty cool food hall right next to our hotel.Got the meat and cheese place and de ballen bar 'bitterballen' flight. The bitterballens were amazing! You must try!! I will be dreaming about these things in the future. There was a beer bar too which served beer from around the world. Keep in mind, the foodhall is open at 11am but most places aren't open until Noon or later. I went to De Ballen Bar at 12 and the lady there said she wouldn't be open for another 30 mins!",4
7,3/12/2019,Andrea W.,"Cool space, but it gets crowded with so many people. There was also a live band which made it difficult to chat. There are many choices of different international cuisines, but food is really pricey for small portions. I tried Viet View's spring rolls, Txosta's pintxos, and Lima's tacos, which were all just average. It's a good place to walk around to take a look, but I would recommend eating elsewhere.",3
7,1/11/2020,Sandra H.,Super cool place with lots of restaurants and food options! As Amsterdam Photographer I always recommend this place to clients at then end of my Amsterdam Photoshoot + Tour!,5
7,1/10/2018,Van B.,"[VARIETY] now it is nearly a year ago when we ate at the foodhallen BUT I remember all & we are about to be there again soonish so I will update if necessary!You can order from a big variety of different places offering different dishes. Most of them are ""small"" portions. As we wanted to share & try as much as possible the portions are great. My partner mostly ordered something vegan|vegetarian for me and something meaty for him.Everything tasted really fresh & special. Quality 100%",5
7,13/5/2019,Anna I.,"Foodhallen should be considered a tourist attraction in Amsterdam because it's literally amazing. It's basically a hall which different food vendors similar to a market. The food options are absolutely amazing. The hall, itself, is beautiful and the bathrooms are very clean. They have a lot of tables but it does get crowded. You'd be surprised how packed it could get. My partner and I shared a chicken pita wrap and ordered a burger from the Butcher. The burger was literally life changing. It was one of the most delicious, perfectly cooked, perfectly seasoned and freshest burgers I've ever had. My grammar is all over the place, but I think you get the point. The Butcher is definitely worth the long line and wait. I think anyone can find a good place at this Food Hall. If you're a vegan, vegetarian, pescatarian or a meat eater.",4
7,16/4/2018,LaToya E.,"This place is fantastic!! We have a few places like this back home in the states that i enjoy so i was really excited when i came across the reviews online. I cant say much about the neighborhood that its in since we only came over for foodhallen and didnt spend much time walking around outside. I really enjoyed the variety of food vendors, we ordered from maybe 6-8 stalls between the four of us and none of us was dissatisfied with our selections. We also go drinks from the center bar and service was really friendly as it was everywhere we went in the city. I do wish the upstairs was open as seating filled quickly and we had to make multiple rounds of the space and ask someone to share a table before we found a place to sit. Overall i am happy with our choice to eat here and to try as many places as i could.",5
7,5/4/2019,Alysia W.,"If you have a large group or want a lively spot to hangout then De Foodhallen is for you! They have several pop-up restaurants that offer every type of cuisine imaginable plus a large bar in the middle. There is plenty of seating but it gets packed very quickly since it's such a fun environment with live entertainment. When we went it was a young male singer that sounded very similar to John Legend which was great. What I loved about this place is the opportunity to try different types of food all at once. We had Indian food, barbecue, bitterballen, beef cheek stew, fresh smoothies and dessert tartes. Everything was equally delicious and it was nice to try things I've never had before. If there was more time I would have happily returned to check out other options.",5
7,22/12/2019,John C.,"If you can't find a place to eat here, there's something wrong with you.  Everything was amazing.  I had a burger from butcher, tried a pita from Pita.  Had some curry.  All of it was extremely tasty.",5
7,2/10/2019,Shelby A.,"What an awesome experience. Lots of different cuisine to choose from. The sushi spot was UH-MAZING. There were also these balls (I forget the name) with a sauce from a traditional spot and they were delicious, as well. We sat at the middle bar to enjoy our food. The ramen was also on our menu and we weren't disappointed. Would have loved to spend more time here! Bring your appetite!",5
7,11/6/2018,Nicole M.,"It is SO hot in here! Super stuffy - they need some fans or some air circulation going through this place.That aside though, it's a pretty cool spot. Lots of different eateries to choose from so there's something for everyone. First time trying bitterballen and that was fun with all the different flavors. The pizza from Renatos was delicious with lots of prosciutto in it. The hummus plate from Maza was pretty good but the tacos from Taqueria Lima were only okay.  And then there were places that, coming from SF, I'd never get something from - €5 for 3 pieces of dim sum from Dim Sum Thing is outrageous. But then again if I hadn't had dim sum in a while, who knows what money I'd pay for a fix.We came on a Friday night so it was understandably crowded, and it took over half an hour to finally get a full table for our party of 7. Good spot though for people to kick back with friends after work.",4
