bar_id,date,name,review,sentiment
4,13/6/2019,Shay H.,"Loved this restaurant! It's a real gem in Amsterdam. The decor indoors was very sweet and unique- filled with pictures of mothers. Food was delicious as well, and the portions were very generous. It reminded me a lot of home, both in the atmosphere and the comfort food.",5
4,11/3/2019,Dina M.,"I never knew Dutch food was so good! It's hardy but that's what you'd expect from your grandmothers cooking, as their name suggests and celebrates, Grandmothers. I was lucky to snag a table at opening without a reservation. Only in AMS for 30 hours my goal was to get a good idea of the food culture. Going by their recommendation I chose:Green Pea Soup with Bacon & sausage. This was soooo good! But the bread and garlic butter combo was so incredible I had to have it removed from my table to prevent me from eating it all, then asking for more. I craved this the next morning and almost went back! Stamppot/Hotchpatch Meatball, Sausage, Bacon on mash of Sauerkraut & Potato. Super hearty, too much for me to finish, but I'm okay with that. The meatball was my favorite, great flavor.  Suddervless Stewed Beef, served with Boiled Potatoes, & Red Cabbage. A savory dish that you spoon over the red cabbage and boiled potatoes to balance the flavor. Apple Pie oh my!  This was so good, and I can't say I'm even a fan of pies. The crust wasn't your average, it took me a minute to identify what it reminded me of, cobbler!  That's it, it reminded me of cobblers my great grandmother made. When in Amsterdam, Moeders is a must.",3
4,19/4/2019,Penelope M.,"We have no reservation,  but I made sure we went near opening time.  Moeders is so popular,  they're fully booked for the rest of April. Thankfully, we were seated as soon as we came in,  provided we can free up the table in an hour and a half.  Speed eating is my forte, so this was not a problem.  We took the Dutch Rice dishes. Ironically, rice wasn't part of it. A sampler of different Dutch dishes to try. I detected some tourists here, or maybe just local fellow yelpers. Or maybe, they were tourist yelpers, lol. To start, they served warm bread, with a mayonnaise and relish on the side. Then the two main dishes came in their cute little pots. There were potatoes cooked three ways: boiled, roasted(that was the best!), and mashed. The sausage was marvelous, so was the bacon.  I haven't seen them served crispy,  but they were lean. We finished our meal ahead of schedule,  and would have tried dessert,  but my belly was bursting at the seams.  Actually, it's always bursting at the seams.  The vibe of this place was quite reminiscent of Monell's in Nashville. Staff was all hardworking, happy people.  I hope they really are,  because they make my tummy happy.",4
4,31/12/2017,Sharon T.,"Moeders isn't exactly a hidden gem, but a beloved establishment and the epitome of strong women empowerment that is very much embraced today.Open its front door and you'll catch a small preview of the inside: the walls and ceiling filled to the brim with photos in pretty frames as a tribute to mothers and hard-working Dutch women, and not an inch of space left to spare for an extra 4x6. Remove the novelty photos, the neon pink lights will probably have me mistaken it for a retro American diner.""Moeders"" is exactly what it sounds like: Dutch for ""mothers"". The food is made with love from the force behind the restaurant: Annie, Betty, and Corrie, each with their own respective speciality menu of traditional Dutch food. I came here to try Annie's Stamppot, which is mashed potatoes mixed with sauerkraut, topped with bacon, meatball, a smoked sausage link from one of Amsterdam's best butchers, Butcher Louman, and a side of gravy to shower your Stamppot in. I admit that I hadn't had a proper breakfast and lunch that day and had a light meal only 20 minutes prior to arriving here but I made sure I finished everything on my plate. It was also my first time trying Stamppot and I LOVED it. It felt as if I was sitting in someone's home and indulging in all the love and care they put in. I love mashed potatoes, so this was great for me. Not sure if the gravy pairing actually did much, other than make it more moist, but the meat toppings were fresh and delicious. If you're not a fan of sauerkraut, you may be disappointed, which is a shame since Stamppot is a hearty meal itself. I suggest coming here before peak hours for an early dinner since it seems like they're jam-packed with reservations, but totally accommodating if you eat before the rush sweeps in.",4
4,8/3/2018,Patrick L.,"Moeders is a fantastic restaurant in Amsterdam, but I'm giving it 3 stars because of the service. My friend and I came in one snowy night hoping to be seated. We didn't have a reservation but wouldn't have minded waiting a little bit. We came in at around 7, but the staff turned us away saying there was no seats available. The next day, my friend and I decided that it was still worth it to give it a shot and come here to eat, so we came early to ensure we'd get a seat, and we did. We were ready to order within 5 minutes, but we had to wait around 10 minutes before a waitress came to take our order. People who were seated after us had already ordered and they still did not come to us for a while.  We both ordered the stamppot (or hotchpotch). I got the vegetarian one and my friend got the original one. Read below for review on the food. After we were done eating, we wanted to leave to go explore other parts of Amsterdam, but we were stuck there. The waitresses did not come to us and we kept trying to stop them so we could pay. While that may seem rude of us, we sat there for at least 10 minutes before doing so. Paying was a breeze and we left shortly after. As for the food, both of us really enjoyed it. I thought that there could have been a little more stuff in it as towards the end, all I was eating were potatoes, but it still had good flavor and good portions. Overall 3 stars for service, 4 for food",3
4,16/3/2019,Ali Can C.,What a heartwarming concept; but you should know the decor is not the only good thing about this place. The food is really really delicious; we tried the Dutch sampler plates and it was enough for two people. The service is very friendly and welcoming. They were so kind to accept our mothers' pictures to display as well.We will come back again next time when we are in Amsterdam!,4
4,15/3/2019,Erik S.,"On our first day in Amsterdam we found this place and based on good yelp reviews we decided to try it. We were early enough to get a table without reservation, many people were turned away after that because apparently they were booked out for the weekend.Very friendly service. Very ""home cooked meal"" vibe.We had the rice dish which was a sampling of all of the Dutch delicacies (2 meat pots, boiled potatoes, little baked potatoes, and mashed potatoes with a slab of bacon and a sausage...which was basically a ""girthy hotdog"", there was also some cabbage and apple sauce)The experience was good and we left full. Don't expect fine dining or anything trendy because it isn't. But it was friendly, tasty, and definitely was a good way to start the trip.",4
4,16/6/2017,Alice C.,"When in the place, always give the traditional food a try. In Amsterdam, Moeders has made their name as one of the city's top places to go for traditional Dutch home cooked style cuisine.Stepping into the small restaurant, where tables are set cozily together (but not so close as to making it hard to have a good conversation), the place is laid out like a cozy old school mothers dining room. The walls are covered with photos of ""moms"" from all over the world it seems.They offer a la carte or 3 course special sets where prices change depending on your choice of entree. They start you off with a lovely basket of fresh crusty bread, I literally could hear the crunch of the crust as they cut it! For the appetizers we went for the appetizer sampler and the island egg dish. The sampler offers a lovely variety, while the egg dish was amazing with a sweet potato ""shell"" and filled with spinach, onion and cheese and topped with an egg. For the entree, we both went with hotchpotch, me the meat one with sauerkraut stampot and him the vegetable one. They were both delicious and very filling with all that potato. I thought I did a good job but felt like I barely made much of a dent - doggie bag it is! Last but most definitely not least, apple pie for dessert was absolutely amazing. The apples were coated lightly in cinnamon and not too sweet, making each bite with the accompanying whipped cream and ice cream truly delicious. A great finale to a delish dinner. And to digest all this, we made sure to walk all the way back home!",4
4,8/5/2018,Mary-Jane A.,"Our first night in Amsterdam and this restaurant was recommended by the hotel we were staying at. Was not disappointed!  On the door it had a note saying that they were fully booked but to come in to see if they had any tables. Luckily they did and we ate outside as it was a very warm and sunny day. Once we ordered the food came up quite quickly. We ordered the hotch potch with spinach, the beef and onion stew and veg curry. They were all very tasty and quite filling. I found that there was a little too liberal sprinkling of salt, but I generally don't add that much in my meals. Otherwise so tasty!  Definitely do go for some good authentic Dutch food, it's worth a visit.",3
4,30/4/2018,Greg T.,"This place was amazing! We had the beef stew with onions, green pea soup and the stampot. They were ALL 5-stars with great flavor and love put into each one. The meatball was soft and flavorful and the sausage was also a bit airy, not so dense like others. This place books up fast! (right now they have reservations a month out). If you're a couple of people with no reservations, pop in to see if they had a cancellation. That's how we got it and well worth it!",5
4,6/4/2019,Jamie B.,"My last night in town and I wanted one last traditional Dutch meal. Everyone was very warm and friendly. So glad that I found this place. The place was full and I was unable to get a reservation, but I still took a chance and lucky for me they squeezed me in. Another Yelp winner!",5
4,29/8/2020,Jennifer S.,I dined at Moeders a few years ago.  It's a very cute restaurant with many photos of mothers on the walls. The menu consists of Dutch dishes and my friend and I enjoyed the authentic Dutch meal. Our server was friendly and we enjoyed our meal. I recommend Moeders!,5
4,12/8/2019,Alison R.,"My husband and I happened to stumble upon this restaurant during our latest trip and were happy to experience what is considered true Dutch food.I ordered some lamb skewers, which were very well seasoned and very tender but were much more pink that I'm used to eating lamb so that was kind of a turn-off. I'm sure it was fine and it was probably my fault for not understanding how lamb can be prepared, but regardless too pink for me. Hubby had another traditional dish and was very happy with his choice. The ambiance is really incredible with all of the pictures of the mom's on the walls, makes the atmosphere really home-y and unique. Would recommend!",4
4,13/2/2019,Serene E.,"This is definitely a Dutch experience!  Four of us came on a chilly night out and got an adorable table inside the warm and inviting restaurant. They served us wine while we waited for our table. We ordered two of the Dutch meals for two, which is a little bit of everything Dutch. I mean you leave in a food coma, but it's so worth it. The waiters are so friendly and you feel like you are in your mother's home kitchen.  The place is covered in photos of moms!",5
4,6/1/2020,Jason V.,"Robust, hearty, homestyle Dutch cuisine, served under the watchful gazes of a thousand portraits of beloved mothers of owners, staff and customers alike. The room positively bedazzled with photos, trinkeys and kitschy decor that gives the place the feel of Sunday dinner at Nana's. A truly unique experience in a city full of wonders. Highly recommended.",5
4,9/8/2019,Matthew L.,"Made reservations about a month in advance for a group of 8 on a Saturday at 6pm, it's not the largest restaurant, so you're going to want to make reservations, especially for a larger group.I'm all about eating traditional food during trips, so I knew this was a must. I didn't really know much about Dutch food aside from herring and fries, so coming to Moeders was a great learning experience. Our group got a few of the full meals that are for a minimum of two at 20.50 Euros a person, which came with a couple of the stews, potato salad w/ sausage and bacon, fried or baked potatoes, apple sauce, and all the love from mama, because this restaurant has pictures of mothers all over the place, with the menu matching this theme. There are menu items from different mothers apparently. We also got a couple of orders of the market fish (turned out to be salmon), and a couple of orders of the spare ribs. The beef stews and the spare ribs really stood out, with so much flavor and heartiness. The spare ribs actually tasted like a mix between an Asian and European rib, so it was really unique. The beef in the stews melted in my mouth, with one being a lighter, more brothy sauce with a more tender cut of meat, and the other in a thicker sauce with a bit more chew in the cut of beef. Both were good in their own ways, but I think the consensus was we all preferred the thicker beef stew. If this is what traditional Dutch food is like, it wouldn't exactly be my favorite, but I can still totally get behind it!",4
4,16/6/2016,Sheila G.,"It doesn't take a non-Dutch-speaking genius to figure out the meaning of Moeders.  All you have to do is walk inside:  instead of wallpaper, there are what must be a thousand framed pictures of -- mothers!  In this cozy, tea room-like ambiance, the rule of the day is Dutch home-style cooking, and it was very good.We ordered a carafe of wine, then tried to decipher the menu.  It wasn't a language problem, but one of perplexity.  Despite the crowded room, our server was unflappable and patient as she explained the setup.  We had a choice of three different fixed-price dinners, but there were also à la carte choices.  So after we ordered a carafe of wine, we settled on one full meat hotchpotch dinner, one à la carte vegetarian platter, and a Dutch pea soup, all to share.For the meat dinner we chose spinach as the vegetable, which seemed to be combined with mashed potatoes.  This was surrounded by a meatball, sausage, and bacon.  We were able to substitute an additional meatball for the sausage.  The vegetarian plate also had potatoes and cheese, with a delicious croquette instead of meat.The Dutch pea soup was a thick puree enhanced with diced sausage, very tasty, and served in an enameled covered crock.The one dessert that came with the full dinner was more than enough for two - a plate with two small cups of pudding/mousse, plus a center scoop of ice cream.A filling and satisfying meal in a lovely atmosphere, with excellent service, made this a memorable experience.",2
4,19/5/2018,Margaret L.,"This is your traditional Dutch food. So I originally wanted to go to a different restaurant nearby but that one was just unpromising. Everytime we came they kept telling us to come by so I decided to try Moeders because I saw good things on tripadvisor/yelp.We came here for traditional Dutch food because we haven't had a chance to experience Dutch food in Amsterdam! The service here is good, everyone's real nice. If you don't make reservations, they do their best to seat you immediately. I felt very fortunate we were able to get seated quickly.After reviewing the menu, we decided to do the dutch meal with the pot roast and different sides. When the food came out, it was delicious. I like everything. The red cabbage, roasted potatoes, boiled potatoes, apple sauce accompanied the roasts well. Although I wouldn't say it was anything special but the food reminds me of home cooked food.The decor is also unique - mismatching utensils and plates and lots of photos of mother everywhere. When we were here, there was a large party (more than 10) seated and they also seemed very content with everything. This is definitely a family restaurant. If you want Dutch food in Amsterdam, come here!",4
4,19/12/2019,B S.,There are so many great Dutch restaurants in Amsterdam but Moeders stand out as the best I've had so far. Warm and cozy atmosphere with thousands of pictures of Moeders (Mother's) on the he wall. You definitely should try this great little place. Well worth it!!,5
4,7/1/2019,Wendy K.,"The setting of this restaurant is so cute- none of the dishes match, you're surrounded by pictures and it feels very homey.This is traditional Dutch food and feels as if I'm back at home eating my mom's home cooked dinner. The service here is impeccable.The food, oh my gosh. I couldn't stop eating even after I was uncomfortably full. Do not come to Amsterdam without trying this darling place.",5
4,26/6/2019,Mike H.,"The food was just okay. Besides the spareribs (the only dish we liked), the other dishes were disappointing. The spinach mash potato in our hutspot was really dry to the point that I could hardly eat it without pouring and mixing with all of the gravy. The meat that came with it was definitely over salted. The Moeder's veggie tasted like Thai curry with a strong flavor from lemongrass. Even for rustic dining, food overall tasted one dimensional and lacked refinement. We also did not expect the place to be completely filled with tourists and seating arrangements to be so cramped that you constantly have move over for other guests to get by. It's not hard to tell that its popularity has overgrown its dining capacity over the years. Having said that, I wouldn't recommend going out of the way just to come here.",3
4,13/7/2019,Livia C.,"Visited Moeders based on online reviews and suggestions. Unfortunately our order was forgotten about, until many other tables seated after us had received mains and desserts, a waitress realised we were without food and then our meal was promptly served after that.. I ordered the traditional hotchpotch/stamppot in which the server asked if I wanted sauerkraut or spinach; I said sauerkraut but I'm not entirely sure where the sauerkraut came into play? The meatball and sausage were averagely cooked and unfortunately I didn't eat the bacon slice as I didn't trust the appearance. Very busy atmosphere, lines of people walking in, but I believe it is based on previous suggestions and many people would try once and not return. Overall I'd suggest you try once, but not return.",2
4,14/7/2019,Peter H.,"The Food? Let's just say during my 3 day stay in Amsterdam I returned 4 times... each day I got something different but for my first day I got their medley for two that brought an assortment of different meets and potatoes and stews (just to get a taste of what the Netherlands had to offer)... each day I ended my meals with they're apple pie... I know you may think you've had a better desert... but this Apple pie is like no other... I got there at 5pm when they opened and by the time I was finished with my meal the pie was fresh out of the oven... it was so good I returned 2 hrs later for another slice  I have NOTHING negative to say about this place except I wish they opened sooner so I could enjoy them for lunch as well . This right here is a hidden GEM in Amsterdam. I'm talking about   G E N U I N E   Dutch food from across the Netherlands in one, ""made with love by moeder"" location right on the canal... inside they have charming staff and pictures of hundreds (maybe even thousands) of pictures of all the mothers that have eaten at this restaurant. (If you come with your mum, take a picture of her and submit it to them- they will gladly add her beautiful profile to the wall of fame)",1
4,8/9/2018,Jackie G.,"We made a reservation on their website about a month in advance, but when we arrived there was a sign on the door saying they no longer accept reservations. Odd, but no matter because we were promptly seated outside regardless.Excellent food. We ordered the Stamppot and the Suddervlees. The Stamppot dish was made with mashed potatoes and sauerkraut, gravy, and accompanied by a meatball, bacon, and sausage. Very delicious 5/5. It was a lot to eat and we couldn't finish it all. The Suddervlees was a fantastic beef stew served with potatoes and red cabbage. It was delicious 4.5/5, but unfortunately we did not start putting the potatoes/cabbage into the stew until halfway through. It was even more delicious once we put the potatoes/cabbage in because they soak up the yummy juices.",5
4,29/9/2019,Herman K.,"Freaking amazing, the hostess made the most wonderful suggestion. Camille and the staff were charming and I will say it was like eating at your favorite aunts house.  Awesome food with great portions.  Again, listen to Camille, she will tell you mix it up.  Even the applesauce made this a culinary treat.  Wait til you get to deserts.  Apple pie to die(for).   High ratings!",5
4,2/4/2019,Leigh P.,"The highlight meal for our time in Amsterdam. We ordered the traditional Dutch meal and were very satisfied. The service was quick, warm and attentive. We didn't have reservations but it seemed they reserved a few tables for walk ins. We got there early and had a wonderful small table at the front. Really enjoyed the meal and highly recommend!",5
4,21/10/2017,Calvin Y.,"Perhaps my expectations were elevated because I love comfort food or perhaps it was my excitement for traditional dutch cuisine.  Waitstaff were friendly enough.  We had a reservation and got there earlier than expected, but they were nice enough to seat us half an hour before our reservation.  The reservation was nice as this place filled up fast.  The atmosphere was kitschy home decor and I loved watching the dumbwaiter bring food up.    Moeders was adequate for a check list item as a tourist, but I was not amazed given the price point for mashed potatoes, beef stew, and pickled red cabbage.",3
4,27/5/2015,Sol C.,"Moeders has a fun vibe (see the many photos posted to yelp of their walls covered in framed pictures), great beer selection, decent service and excellent food. Plus, when in Amsterdam we wanted to at least try some traditional Dutch food. Dutch food, it seems, is similar to German or even Irish with lots of meats and sausages and potatoes.The portions at Moeders were large (which we gathered from eyeing our neighbors at dinner) and therefore we skipped appetizers and went straight for entrees. I am a lover of all things fermented so I could not pass up the sauerkraut stampot. This was a hearty portion of sauerkraut mixed with mashed potatoes, topped with gravy and served with a sausage, a meatball and bacon. It was fantastic and the potato was loaded with sauerkraut - so if you are really looking for your average mashed potato, this will be disappointing. But, if you freakishly love sour cabbage, like me, you will be thrilled.The other entree we tried was also excellent and was a meat stew served in an adorable red pot with potatoes and red cabbage. The meat was perfectly tender and the stew broth was excellent and full of flavor. Save the bread they bring to the table to dip in this stew! On the side, the apple compote was a nice addition to the entrees.For dessert, do not miss the apple pie. This is actually more of a moist, delicious slice of buttery cake filled with cooked apples and raisins served with ice cream and whipped cream. I would eat a slice of this every day if I could!Tip: we made a reservation online a few weeks in advance and I'm glad we did as it was quite busy.",4
4,11/6/2019,Brooke S.,Best place for traditional Dutch food! We got the stew with mashed potatoes and cabbage. Everything was so delicious! The stew was melt in your mouth. I also got the Moeders coffee which came with little cookies on top. Everything was amazing and fun/eclectic atmosphere. Definitely recommend to anyone looking for a traditional Dutch meal.,5
4,21/4/2019,Rich S.,"Great place to eat for typical Dutch fare. Mommas home cooking best describes this place. Interesting decor but extremely long stated wait times. Staff could be rude if you don't have a reservation but be diligent and hold fast, you will get off that wait list. Try the Dutch special and the apple pie for desert. This ain't your ordinary apple pie!!!  The Dutch platter with its mix of beef stew, mash potatoes, apple sauce, bacon and sausage is delish!!!",4
4,7/3/2020,M Y.,"Stopped by late in the evening. We were able to easily get a table for two. The interior is cozy and inviting. We ordered a few dishes including Mamma's happas, the Fisher's wife salad, and the pea soup. They were all delicious. I also really like the dishes they served the food in. Overall we had a great dining experience here. I'd definitely recommend having a meal at Moeders.",3
4,12/9/2016,Barbie S.,"True Dutch food in a room full of framed photos of mothers (mums, mommies, moms, ma's) from around the world. It was fun just looking around at all the different women who are or were mothers. The food is very seasoned, rich Dutch food. I'm glad we had a reservation because the place was packed.PROS: Stampot            Mother's photos             Miss Pumpkin Salad            Pea and ham soup",5
4,23/5/2018,Vicki L.,"Terrible terrible terrible customer service. Unless you want to be aggressively yelled at by a waitress here, don't bother coming.We came here as a walk in for dinner and this brusque waitress says ""BOOKING NO BOOKING?"" quickly. I couldn't hear her asked for a party of 2. She repeats again ""BOOKING NO BOOKING!"" And I said no booking and she said GO OUTSIDE. So I confusedly walk outside and don't see a designated area for waiting and blindly stand where I see some other girls standing who said they were also confused and waiting.Angry waitress lady comes back out and yells some vague words again and points. Everybody is super confused and doesn't know what's going on. She then comes back out and tries to take down names of people who are waiting... completely skipping the order of who showed up (she let some other get on the list ahead of me even though I was there first) and then started yelling at a group of 5 Chinese women saying she didn't have a table for 5. At this point I just decide to leave and go somewhere else because I'm not going to eat dinner in an environment that is so hostile regardless of how good the food might be. I'm not going to subject myself to that while eating dinner. To cap it all off, I see one of the Chinese ladies go up to the angry waitress and tap her to ask a question. The angry waitress at this point screams ""DO NOT PUSH ME I DO NOT HAVE A TABLE FOR 5"" and all of us just raise our eyebrows.Seriously don't come here. The staff is ridiculous and I've never interacted with such a poor poor example of a waitress ever in my life... yelling at customers is NOT okay.",1
4,9/10/2018,Brendan E.,"The Restaurant: a cozy, always busy, no frills restaurant serving up mom's Dutch home cooking. My mom doesn't cook, so this gave me a nice glimpse of what coulda been!Ordered: the spareribs and the hodge podge.Hodge Podge: a hodge podge of traditional dutch food. A minimum of two ppl must order it. Comes with two different kinds of beef stews, an assortment of slaws, assortment of potatoes, and sauces. I threw everything on my plate and mixed them up, just like when I was a kid. Everything was delicious - quite the hearty meal.Spareribs - a nice rack of ribs. Tender/fall off the bone. You can choose which kind of sauce you want - bbq, hot and spicy, etc. I went with bbq and they were delicious. Pro-tip: this place is often full, so book a reservation ahead of time, especially when the weather gets cold and ppl can't eat in the outside seating. If the outdoor seating is available, you can usually show up without a reservation and wait anywhere between 30-60 mins for a table.",4
4,1/12/2018,Dee K.,I had tried repeatedly to make reservations from the states prior to our arrival with no such luck. Walked in around 6:30 on a Friday night and scored the last empty table. Line formed immediately after us. Service was amazing- friendly and attentive. Loved the ode to mothers everywhere adorning their walls. We each got the rice dish (sampler) for two which included a sampling of all the traditional offerings. It was delicious!!,5
4,16/2/2020,Gary L.,"Great local hangout. Very ""Amsterdam""!  The food is authentic as is the interior decor.  This place has a story to tell and you won't forget the experience.",5
4,2/6/2018,Athena C.,"We came here for Sunday lunch luckily without any reservation and were able to get a table quickly without wait. I didn't realize Moeders means Mothers in Dutch and was surprised to see pictures of mothers everywhere on the wall. It does give me a warm fuzzy feeling about this diner. I heard traditional Dutch food is hard to find nowadays and this is one of the few good ones in Amsterdam. I ordered the Hotchpotch and my husband and father-in-law shared the classic Dutch Rice Dish. There was so much food! My dish comes with spinach meshed potato although you can choose either spinach or sourkraut as well as a giant sausage, huge meatball and bacon. I could barely finish this and shared it with my son. My hubby's dish is even bigger so two people to share are definitely adequate. It also comes with meshed potato, apple sauce, sausage, beef stew, beef stew with onion, bacon, gravy and red cabbage. The stews were amazing and the beef was so tender and juicy!It was a great experience for my family and I would come again and prepared to be stuffed!",4
4,9/12/2018,Tim J.,Molders is Dutch for Mothers. People were encouraged over the years to bring in pictures of the years of their moms. You see all over pics of peoples moms. Pictures give it that home-like feel. The food here was awesome. I recommend trying everything. And leave room for dessert. You won't be disappointed.,5
4,23/1/2018,Caitlin C.,"I struggled with this review for a while, but after reflecting on all the places my husband and I visited in Amsterdam, this was ultimately our least favorite.We read so much about Moeder's, including all the fantastic reviews, so we made reservations almost a month in advance. When we finally arrived, we were stared at for a bit in the cramped vestibule of a very crowded (but cozy!) restaurant. When we were seated we were immediately pressured to order all of our courses. When we did order, it took ages for our drinks, and the waitress only returned to deliver our food and settle the bill; no water refills, no drink refills, no eye contact. I understand European service is very different than American service; we repeatedly and politely tried to flag down our waitress but she would literally avoid eye contact and turn around to another table. It was super disheartening and made us very self conscious. All that being said, the food was delicious. I had a beef stew with smashed potatoes and red cabbage, my husband had spare ribs, and we both had speculoos ice cream. Everything tasted great, was plated on adorable vintage china, and the servings were massive. The service, however, left a bad taste in our mouths the entire trip.",2
4,5/11/2018,Franco C.,"Small. Quaint restaurant.  Very busy. No reservations.  Worth the wait. Great onion soup. Heat stew with red cabbage, potatoes both roasted and bolied a chunky apple sauce to go with the bacon and sausage. Excellent meal. Also ribs are on the menu.",5
4,16/1/2018,Sylvia B.,"A friend who lives nearby this spot told me this place is almost never available for walk-ins so when a reservation spot popped up recently we grabbed it.  Very much your homey Dutch comfort food.  It's called ""mothers"" and no surprise the place is almost covered floor to ceiling with pictures of mothers and the menu is divided into the dishes of the three mothers that are currently cooking there.  You can't miss with the classic stamppot - very filling - but save room for the made-in-house speculoos ice cream, which has a semi-freddo like texture.  Priced somewhere between reasonable and expensive.",4
4,11/6/2016,Kally C.,Regarding Gluten-Free...1) Menu with very clearly marked items denoting gluten-free2) Many options3) The BEST gluten-free bread I've ever had after eating GF for 10+ years!  That's not hyperboyle.  The GF bread is f'ing legit!The food was very good and the meal lasted for quite a while.  Plan on making an event out of this,4
4,2/11/2016,Bethany W.,"Want to try true Dutch food?  Then this is the place to be!  Moders means Mothers in Dutch, and there are pictures all over the walls of Moms from all over the globe.  You can send them a picture of a Mom, and they will try to put it somewhere.I had the Hotchpotch which was mashed potatoes (and the waitress recommended it with sauerkraut, yup, good!), sausage, bacon and a delicious meatball.   He had the Suddervlees, which was braised beef, potatoes and red cabbage.  We shared both dishes and thoroughly enjoyed them!  Comfort Food!!!Beyond the food, it's a true, local Dutch establishment.  You really have to try traditional Dutch cuisine while in the Netherlands.  In Amsterdam, this place is a gem.  We were lucky to have been able to be seated without any reservations.  However, it was packed, so reservations are definitely recommended.",5
4,24/8/2013,Shelby W.,"My boyfriend and I wanted to try some Dutch food and get a real feel for Amsterdam. We took the Metro to have dinner here and it was packed both inside and on the patio! The wait time for 2 people would have been an hour. No worries.. We'll try again tomorrow night and now we know to make a reservation.We went back the next night and got the spinach potatoes with sausage and bacon. It came with a delicious and large salad as well as a dessert for 15 euros. The food was amazing! The plates of food may not look that large, but those potatoes sure do full you up! We weren't able to finish all of ours.The service was friendly, great prices, and good beer on tap. Definitely recommend! Best dinner I ate during my 5 days in Amsterdam! ****Don't forget to make your reservation!!!!!*****",5
4,2/10/2019,Jenny P.,Found this gem online. Wasn't sure what to expect but all the reviews recommended the ribs and the hodgepodge. Unfortunately the wife wasn't feeling to well so we were not able to eat at the restaurant so I went alone ordered a few items to go. The wife was a big fan of the stew which came as a recommendation from the staff and she could not have been happier. The spare ribs were also exceptional. Everyone there was very welcoming and the food was great too. Would recommend this place to anyone and everyone visiting Amsterdam!,4
4,7/9/2019,Athena C.,"See why the hype is all about, this is a down to earth authentic feel to the restaurant. Food tasted straight from Mama's kitchen.",5
4,15/7/2018,Benjamin H.,"Yum. Good Dutch food. We got the mix of everything for two people. They are very accommodating with seating. If you don't have a reservation, you can wait outside by the canal and have drinks til your table is ready. Just a short walk to Jordaan. It was perfect for my last dinner in Amsterdam.",5
4,19/7/2018,Amber R.,"Great place to get a traditional Dutch meal! Love the vibe and staff there. If it's your first time having Dutch food, it might be a good idea to get the family-style dinner because it includes a small portion of everything. Make sure you order the beers there too!",4
4,6/10/2018,Vicki L.,"This was an EXCELLENT dining experience! The food, wine and service were all insanely representative of the cultural melting pot that is Amsterdam.  Our service staff was attentive, fun and made the experience even more enjoyable. We had a server, very nice and friendly young lady originally from Iran, even we exchanged with emails. After our meal she brought a bottle of something similar to German  ""Jagermeister"",but it was a much better.Looking forward to visiting again on our next trip to Holland!",5
4,26/1/2016,Fineprint P.,"If you're looking for authentic Dutch food, look no further. My roommate and I were wandering around Amsterdam looking for some lunch, and while we were pondering this place, a man had passed by and said we had definitely come to the right place.The thing about this place is that it's really popular and quite small. We were really lucky to get our seat! Right after us, four groups of 2 people were turned away because they were out of room or the tables open were needed for a later reservation. So if you're planning ahead, make a reservation!The food was really tasty and filling! My roommate and I had shared The Dutch Riceplate, which was a sampler of sorts, and both of us were extremely full afterwards. The food was so tasty!In English, moeders means mothers, and this really showed in the decor of this restaurant. This restaurant celebrates mothers, and they had pictures of mothers lining every inch of their walls.",3
