bar_id,date,name,review,sentiment
5,10/3/2020,Ron L.,"Watch out...heed their warning.  Wear your asbestos suit.It's spicy hot, they warned us. Not being the same person I was years ago, I did heed their warning, but my dinner companion wanted to be the macho one and tried to brave it.He failed.  I enjoyed the rest of my dinner.",4
5,12/11/2019,Zaid N.,"Authentic Indonesian cuisine and really nice rice tables for dinner. Made a reservation for a Tuesday evening for two and when we got there, we were seated right away. Took a little time to get our orders but we placed whatever was on the second page and it was epic. Great experience, good food throughout and delicious tastes. I would recommend this spot for a group or a date - both are fun outings - enjoy!",5
5,16/2/2020,Erina W.,"When I searched for rijsttafel in Amsterdam while planning my trip, I came across a lot of options and narrowed it down to Sampurna. The restaurant has amazing decor and there were several rice table options so I decided to come here to bring my mom and aunt for our first rijsttafel experience. I was concerned at first because we didn't have a reservation and I've read several reviews of being turned away but when we arrived around 5:30-6pm on a Saturday, this place was mainly empty. We were glad to be seated right away and catered to. We really enjoyed the ambiance (totally date night worthy), but found the wait staff to be a little strange. On one hand they can be sweet and offered (to our surprise) that you can have 3 people but order 2 rijsttafel (which was their minimum). Which was really nice and sweet because 2 orders was more than enough for the 3 of us. The food was very filling. But at the same time, the same lady didn't tell us they offer complimentary water, when asked about pricing of bottled water (which I assumed we didn't get free tap water). Either way, it was a very nice experience and we enjoyed the food. However, it was definitely a pricey meal and one I wouldn't probably have again. But if you are to try Indonesian rijsttafel in Amsterdam at least once, this isn't a bad place to try it!",2
5,26/9/2018,Craig G.,"For the last meal of my trip, I had to satisfy my craving for Indonesian. Sampurna is a sleek, cozy spot not far from the flower market in the city center. Reservations are recommend, as this place will fill up pretty quick, though I got there early enough to snag a table without a wait. As soon as you're seated, you're greeted with a bowl of rice crackers and three sambals (sauces, not unlike an Indian chutney). The menu features a number of satay skewers, a selection of rice dishes, and a few rijstafel (rice table: small portions of several dishes for a table to share). Dining solo, a rijstafel was out of the question, but the ayam penggang seten caught my eye.I'm pretty sure the literal translation of the dish is ""fried chicken in Satan sauce"", which seemed apt: this was one of the most brutally spicy dishes I've ever eaten. Aside from the intense heat, the dish was actually very flavourful, with garlic, lemongrass, galangal, and other spices shining through. Every entree here comes with a number of small side dishes: white rice, pickled veggies, veggies in a coconut curry sauce, and fried tempeh. Everything was delicious, all the better when washed down with a glass of Bintang (an Indonesian beer).The staff was friendly, but harried.",4
5,13/11/2019,Katherine D.,"This is one of the best meals I've ever had. It was a thrill to try Indonesian food for the first time. We had the skewer samplers and enjoyed the lamb and beef the most. They were full of flavor. The chicken was also good, but we preferred the other meats more. We also ordered the sampler platter with noodles instead of rice. It was delicious. Some parts were spicy, some had more earthy flavors, but even the cucumbers were great. They also had a good wine selection. Next time, we will try the tasting menu!",5
5,25/10/2019,Gurpreet L.,"While Yelping places to grab a late dinner, we stumbled across Sampurna which was perfect for us because we had wanted to try Indonesian food in Amsterdam. We got here around 9:50 PM on a Thursday night and were told that kitchen was about to close (the restaurant closes at 11 PM but we learned that the kitchen closes at 10). We were quickly seated and scanned our options as quickly as possible so that we could get our order in. There were multiple vegetarian options for me to choose from which was a delightful surprise.I ended up picking the Tahu Bumbu Bali, a tofu dish, while my friend with what looked like a kebab plate. Our food was scrumptious! The tofu was perfectly crispy on the outside and it was smothered in this spicy sauce that had a perfect amount of kick. Although I was unable to try my friend's dish, from the way they were scarfing it down, I think they enjoyed their food. In a town with tons of Indonesian options, I highly recommend this place!",4
5,27/4/2019,Jacques I.,"Ya gotta have Indonesian food in Amsterdam! My friends and I came here for dinner, as we read that Sampurna was one of the best spots for Indonesian food.  Plus, while we were at the flower market, we saw that it was just right across from it, so already knew where to find it!I am unfamiliar with Indonesian food, but after having had it at Sampurna, I want to learn and EAT more!  We came here without a reservation and fortunately, was able to get seated for the three of us on a weeknight.  The space isn't large, as the dining room is split into two rooms and is on the more narrow side.  The menus are in both Dutch and English and there's a full bar here.Not knowing anything about Indonesian food, I asked the server what she recommended for someone's first time having it.  She recommended the Sate Solo Menu if we all wanted to get something different and not share.  The sate solo menu is a great option for someone who wants to try multiple items, but doesn't have anyone to share it with.  One of my friends is vegan, so couldn't share any of the meat items and my other friend wanted a different kind of entree.  Therefore, the sate solo menu was for me.  Before we ordered our main entree, we were provided complimentary chips.The sate solo menu came with Indonesian fried rice, two chicken skewers, two beef skewers, two goat skewers, spicy chicken in a coconut sauce, steamed veggies in a peanut sauce, mango salad, boiled egg in a spicy sauce, beans with bamboo shoots, cucumber salad and coconut with peanuts.  Doesn't that sounds amazzzzzing?  Well, it was!  It's spendy at nearly 30 bucks, but I think it's worth trying if you want to have a little bit of everything.  Gosh, what did I love the most?  Everything was so tasty and went together very well, with a little bit of sweet, a little bit of sour, a little bit of spice and a little bit of creamy.  It's truly the best of all worlds.  Of the skewers I liked the goat one the best, as the meat was very tender and flavorful with however it was seasoned.  But all of the skewers had a slight grill taste, which added a nice lightness to all the other plates with sauces.  The spicy chicken in a coconut sauce was incredible, as the coconut flavor really came out with spice, which is just how I like curries.  The steamed veggies in a peanut sauce were crispy and light, and would've even liked them without the peanut sauce.  Though, the peanut sauce adds a nice flavor, especially when eaten with a skewer and the fried rice.  Mango salad was refreshing, with a nice, chill to it and added sweetness to the palate.  Again, all the different taste buds really came through with the solo sate menu.  I left full and happy. Indonesian food, I need to eat you again!  We all loved our food and Sampurna was definitely one of the best meals I had while in Amsterdam.  I loved the various flavors, complementing one another in my meal.  I highly recommend the sate solo menu if you don't do family style here.",4
5,6/1/2018,Maria P.,"We wanted to try Indonesian cuisine while we were in Amsterdam since we've heard some pretty great things about it.  Sampurna was a convenient walk away from our hotel and they were open pretty late while everything seemed to be closed or was closing.  It's easy to find as they are located right next to the Bloemenmarkt (floating flower market).  We walked into the restaurant and were greeted & seated right away.  The restaurant was pretty empty and we had the section all to ourself, perfect!It was my first time trying Indonesian food and I was quite amused that a lot of the menu items were familiar terms used in Filipino languages.  Now, I told my husband that I wasn't that hungry, but somehow he managed to order the Rijtafel which is a whole spread of food that took up the entire table.  I definitely gave him ""the look"" but hey we were on our honeymoon and the food came out rather quickly.  Not to mention the prices were affordable for the amount of food that we got (A LOT), even in such a touristy area.  Everything was laid out so nicely and perfectly organized in several small, shared plates.  We had a sampling of a number of dishes and our meal came with little sauces/spices which I wanted to try out first. The first thing that I tried was out of this world spicy (It smelled similar to something used in Filipino cuisine & I am not a big fan of spicy food).  I wanted to cry, but my husband had a good laugh!  It's hilarious now that I can look back on it, but it wasn't at the time.  I learned after that to stick to the more milder flavored dishes which were oh so tasty.  Overall, good meal & I would recommend it if you're looking to try Indonesian cuisine and want to have the rice table experience (Rijtafel).  Just be prepared for the spiciness.  I was not, Lol.",5
5,28/7/2021,Meetu M.,Very good food and introduction to Indonesian food.  Highly recommend this restaurant. Overall great dining experience!,5
5,20/6/2021,Wendell L.,If you want a feeling of going to Indonesia but don't have the money to go just go eat over here.. the rice table is the one but many different options to chose from..,2
5,10/3/2020,Ron L.,"Watch out...heed their warning.  Wear your asbestos suit.It's spicy hot, they warned us. Not being the same person I was years ago, I did heed their warning, but my dinner companion wanted to be the macho one and tried to brave it.He failed.  I enjoyed the rest of my dinner.",4
5,12/11/2019,Zaid N.,"Authentic Indonesian cuisine and really nice rice tables for dinner. Made a reservation for a Tuesday evening for two and when we got there, we were seated right away. Took a little time to get our orders but we placed whatever was on the second page and it was epic. Great experience, good food throughout and delicious tastes. I would recommend this spot for a group or a date - both are fun outings - enjoy!",5
5,16/2/2020,Erina W.,"When I searched for rijsttafel in Amsterdam while planning my trip, I came across a lot of options and narrowed it down to Sampurna. The restaurant has amazing decor and there were several rice table options so I decided to come here to bring my mom and aunt for our first rijsttafel experience. I was concerned at first because we didn't have a reservation and I've read several reviews of being turned away but when we arrived around 5:30-6pm on a Saturday, this place was mainly empty. We were glad to be seated right away and catered to. We really enjoyed the ambiance (totally date night worthy), but found the wait staff to be a little strange. On one hand they can be sweet and offered (to our surprise) that you can have 3 people but order 2 rijsttafel (which was their minimum). Which was really nice and sweet because 2 orders was more than enough for the 3 of us. The food was very filling. But at the same time, the same lady didn't tell us they offer complimentary water, when asked about pricing of bottled water (which I assumed we didn't get free tap water). Either way, it was a very nice experience and we enjoyed the food. However, it was definitely a pricey meal and one I wouldn't probably have again. But if you are to try Indonesian rijsttafel in Amsterdam at least once, this isn't a bad place to try it!",2
5,26/9/2018,Craig G.,"For the last meal of my trip, I had to satisfy my craving for Indonesian. Sampurna is a sleek, cozy spot not far from the flower market in the city center. Reservations are recommend, as this place will fill up pretty quick, though I got there early enough to snag a table without a wait. As soon as you're seated, you're greeted with a bowl of rice crackers and three sambals (sauces, not unlike an Indian chutney). The menu features a number of satay skewers, a selection of rice dishes, and a few rijstafel (rice table: small portions of several dishes for a table to share). Dining solo, a rijstafel was out of the question, but the ayam penggang seten caught my eye.I'm pretty sure the literal translation of the dish is ""fried chicken in Satan sauce"", which seemed apt: this was one of the most brutally spicy dishes I've ever eaten. Aside from the intense heat, the dish was actually very flavourful, with garlic, lemongrass, galangal, and other spices shining through. Every entree here comes with a number of small side dishes: white rice, pickled veggies, veggies in a coconut curry sauce, and fried tempeh. Everything was delicious, all the better when washed down with a glass of Bintang (an Indonesian beer).The staff was friendly, but harried.",4
5,13/11/2019,Katherine D.,"This is one of the best meals I've ever had. It was a thrill to try Indonesian food for the first time. We had the skewer samplers and enjoyed the lamb and beef the most. They were full of flavor. The chicken was also good, but we preferred the other meats more. We also ordered the sampler platter with noodles instead of rice. It was delicious. Some parts were spicy, some had more earthy flavors, but even the cucumbers were great. They also had a good wine selection. Next time, we will try the tasting menu!",5
5,25/10/2019,Gurpreet L.,"While Yelping places to grab a late dinner, we stumbled across Sampurna which was perfect for us because we had wanted to try Indonesian food in Amsterdam. We got here around 9:50 PM on a Thursday night and were told that kitchen was about to close (the restaurant closes at 11 PM but we learned that the kitchen closes at 10). We were quickly seated and scanned our options as quickly as possible so that we could get our order in. There were multiple vegetarian options for me to choose from which was a delightful surprise.I ended up picking the Tahu Bumbu Bali, a tofu dish, while my friend with what looked like a kebab plate. Our food was scrumptious! The tofu was perfectly crispy on the outside and it was smothered in this spicy sauce that had a perfect amount of kick. Although I was unable to try my friend's dish, from the way they were scarfing it down, I think they enjoyed their food. In a town with tons of Indonesian options, I highly recommend this place!",4
5,27/4/2019,Jacques I.,"Ya gotta have Indonesian food in Amsterdam! My friends and I came here for dinner, as we read that Sampurna was one of the best spots for Indonesian food.  Plus, while we were at the flower market, we saw that it was just right across from it, so already knew where to find it!I am unfamiliar with Indonesian food, but after having had it at Sampurna, I want to learn and EAT more!  We came here without a reservation and fortunately, was able to get seated for the three of us on a weeknight.  The space isn't large, as the dining room is split into two rooms and is on the more narrow side.  The menus are in both Dutch and English and there's a full bar here.Not knowing anything about Indonesian food, I asked the server what she recommended for someone's first time having it.  She recommended the Sate Solo Menu if we all wanted to get something different and not share.  The sate solo menu is a great option for someone who wants to try multiple items, but doesn't have anyone to share it with.  One of my friends is vegan, so couldn't share any of the meat items and my other friend wanted a different kind of entree.  Therefore, the sate solo menu was for me.  Before we ordered our main entree, we were provided complimentary chips.The sate solo menu came with Indonesian fried rice, two chicken skewers, two beef skewers, two goat skewers, spicy chicken in a coconut sauce, steamed veggies in a peanut sauce, mango salad, boiled egg in a spicy sauce, beans with bamboo shoots, cucumber salad and coconut with peanuts.  Doesn't that sounds amazzzzzing?  Well, it was!  It's spendy at nearly 30 bucks, but I think it's worth trying if you want to have a little bit of everything.  Gosh, what did I love the most?  Everything was so tasty and went together very well, with a little bit of sweet, a little bit of sour, a little bit of spice and a little bit of creamy.  It's truly the best of all worlds.  Of the skewers I liked the goat one the best, as the meat was very tender and flavorful with however it was seasoned.  But all of the skewers had a slight grill taste, which added a nice lightness to all the other plates with sauces.  The spicy chicken in a coconut sauce was incredible, as the coconut flavor really came out with spice, which is just how I like curries.  The steamed veggies in a peanut sauce were crispy and light, and would've even liked them without the peanut sauce.  Though, the peanut sauce adds a nice flavor, especially when eaten with a skewer and the fried rice.  Mango salad was refreshing, with a nice, chill to it and added sweetness to the palate.  Again, all the different taste buds really came through with the solo sate menu.  I left full and happy. Indonesian food, I need to eat you again!  We all loved our food and Sampurna was definitely one of the best meals I had while in Amsterdam.  I loved the various flavors, complementing one another in my meal.  I highly recommend the sate solo menu if you don't do family style here.",4
5,6/1/2018,Maria P.,"We wanted to try Indonesian cuisine while we were in Amsterdam since we've heard some pretty great things about it.  Sampurna was a convenient walk away from our hotel and they were open pretty late while everything seemed to be closed or was closing.  It's easy to find as they are located right next to the Bloemenmarkt (floating flower market).  We walked into the restaurant and were greeted & seated right away.  The restaurant was pretty empty and we had the section all to ourself, perfect!It was my first time trying Indonesian food and I was quite amused that a lot of the menu items were familiar terms used in Filipino languages.  Now, I told my husband that I wasn't that hungry, but somehow he managed to order the Rijtafel which is a whole spread of food that took up the entire table.  I definitely gave him ""the look"" but hey we were on our honeymoon and the food came out rather quickly.  Not to mention the prices were affordable for the amount of food that we got (A LOT), even in such a touristy area.  Everything was laid out so nicely and perfectly organized in several small, shared plates.  We had a sampling of a number of dishes and our meal came with little sauces/spices which I wanted to try out first. The first thing that I tried was out of this world spicy (It smelled similar to something used in Filipino cuisine & I am not a big fan of spicy food).  I wanted to cry, but my husband had a good laugh!  It's hilarious now that I can look back on it, but it wasn't at the time.  I learned after that to stick to the more milder flavored dishes which were oh so tasty.  Overall, good meal & I would recommend it if you're looking to try Indonesian cuisine and want to have the rice table experience (Rijtafel).  Just be prepared for the spiciness.  I was not, Lol.",5
5,28/7/2021,Meetu M.,Very good food and introduction to Indonesian food.  Highly recommend this restaurant. Overall great dining experience!,5
5,20/6/2021,Wendell L.,If you want a feeling of going to Indonesia but don't have the money to go just go eat over here.. the rice table is the one but many different options to chose from..,2
5,12/11/2019,Lei G.,"Thoroughly enjoyed my lunch at Sampurna! It's located near the floating flower market but doesn't come across as stop for tourists. I'd been trying to get in more Indonesian meals while in Amsterdam. I do not know the names of any of my dishes, other than my ginger honey tea. The taste of the food was even better than the photos. The starter was tasty & delicate. The entree had two different types of veggies and the chicken was full of spices and the rice was done perfectly. The dessert was the cherry on top - it was coconut milk, green tapioca, much softer than typical tapioca with fresh sliced jackfruit. It'll be a dessert I'll be on the lookout for in the future!",5
5,2/11/2019,Kailey X.,"This place was extremely disappointing. Coming from Malaysia - we were super excited to try an authentic Indonesian restaurant and arrived at 3:20pm because we wanted to skip the dinner crowd. Assuming that we came at an odd hour, we'd be able to be seated, right? Nope. We landed in Amsterdam an hour before and came straight to this restaurant and we were LITERALLY turned away. My friends and I asked for a table of 3 and my friend was told the restaurant is full and to come back later. Seeing that the restaurant was half full with multiple patrons finishing up - I was confused so I went back to the server to ask how long it'd take to be seated. The server told me it'd take one hour - and upon seeing my confused face, gestured to the half empty restaurant (there were only 7 tables with customers - about 50% full) said ""Look full! Come back one hour from now and you'll have a seat"". It also didn't help that he was literally using his hands to wave me away dismissively as he said that. It didn't make sense at all, because initially when he thought there was only 2, he was happy to seat us- when he realized there were 3 - he said the restaurant is full. None of the tables were reserved either. They had empty dishes waiting to be cleaned up. Another Indonesian family that arrived before us were turned away too. But I didn't see the server treating traditionally western/American looking customers the same way. It was a really off putting experience for the first restaurant we visited in Amsterdam, and I'd never recommend this place to anyone.",1
5,25/10/2019,Sabrina S.,"This was my first time having a full Indonesian meal and it did not disappoint.  I really liked the appetizers that were included.  Food was fresh, delicious, and boldly flavored.  We were able to get in without a reservation without any issue, which I appreciated considering how packed the place was when we arrived.  I cannot really think of anything I didn't like, so 5 stars it is!",5
5,16/10/2019,Joe G.,"Couldn't decide what we wanted for dinner, so I decided to think outside the box.  Apparently Amsterdam is known for these Indonesian Rice Bowl places.  The location was great, close to tram and shopping.  Very easy to find.  We ordered the Celebes Table for two.  Everything was excellent.  My favorites were the goat skewers, the braised beef, and the mango salad.  Word of caution, if you don't do spicy, order something else.  My wife can handle spicy but she needed a break about half way through.  The many small bowls allowed us to try different things without committing to just one dish.  I wish we could have packed this restaurant into our suitcases and taken it home with us.  Now we will start our search for an Indonesian place near home.",3
5,21/9/2019,Akriti M.,"While going through the recommendations for Indonesian cuisine, we came across this highly rated place and thought of giving it a try. Ordering the rice table was our obvious choice after seeking suggestions from the server and also since we could see it on each table! Its hard to describe in words the happiness you feel when they bring that huge and meticulously well laid out platter to your table ( only a true food lover can relate to the butterflies I had in my tummy that time ;)). Each and every item was delicious and the spices were perfect to our taste.The location, ambience, service and specially the food makes this a go-to place if anyone is in mood for engaging themselves in a gastronomical experience.The only flipside that comes to my mind is the price. Only if it was a bit lighter on our pocket, it would have been a true value for money!",5
5,14/9/2019,David N.,"With a significant Indonesian population in Amsterdam, we made it a point to partake while we were visiting. We tried making a reservation online for a Monday evening, but nothing was available, so we decided to chance it and walk-in anyway. We arrived to a busy, but not quite full, restaurant and were seated right away. Our first impressions were of awe and appreciation: the interior was slick yet classy, simple but tasteful. We were also delighted that most of the staff was lgbt =)We love spicy, so at the recommendation of our server, we ordered the Kuning Rice Table. Why not try a little of everything? The next hour was an explosion of flavor that would leave us reminiscing for days. From the shrimp soup appetizer to the amazing array of skewers to the spiced coconut to the classic rendang...everything was wonderfully seasoned, cooked, and presented. At about 30 euros/person, it wasn't a cheap meal, but it was definitely worth it as a delicious treat.We ended up cleaning our plates and left fully stuffed and satisfied. The entire waitstaff was friendly, helpful, and wore shining smiles. We definitely recommend this fantastic restaurant, and we look forward to returning in the near future!",4
5,7/9/2019,Rosemary V.,We walked in on a weekday evening and we're quickly seated even though we did not have reservationsThe good: -Place is super cute and intimate- Food: We had the Kuning rice Table for four and the food was more than enough.All the dishes were super yummy and I like that there was a variety of dishes for all dietary needs.- Service was good.- Prices were reasonableThe bad: I can't think of anythingFinal verdict: One of our best meals in Amsterdam. I would certainly return.,2
5,12/8/2019,Matthew L.,"Our group of 7 made it out here and ordered a few of the pre-fix menu items, which all seemed to be based on level of spiciness and what it contained (chicken, beef, seafood). We ordered 7 portions and this was more than enough food. There must have been about 12-14 small dishes per order and the courses ranged from 29 - 35 euros.This all came with rice, and the Items included beef skewers, pork skewers, cod in a spicy chile sauce, vegetable curry soup, beef stew, pork flakes, roasted walnuts w/ bacon, tofu curry, and a bunch of other items that I can't even recall. The food was pretty spicy and really flavorful, bordering on too much flavor and salt. You'll definitely need to cut it down by eating it with plenty of rice, I don't think I could have had too much of any item without mixing it with the rice.It's a really beautiful restaurant, and I would be all about taking a date here. Service was also efficient, because jeez, the number of plates was bonkers! There were some issues initially with the waiter saying they didn't allow more than 2 of the pre-fix courses to be ordered per group/table, which we all found odd. The manager than came over and overruled the waiter o_O.",5
5,29/7/2019,Mimi N.,"While reminiscing over my Europe trip pictures, stumbled across some delicious food pictures and I knew I had to help spread the word on this awesome place. Located near the Flower Market, this cute little restaurant serves one of the besttttt Indonesian food I have ever had (in comparison to the places in the States).Once you enter, the atmosphere is quite nice. From the soft candle lights to the dimly lit interior, this place is ideal for dates or small group get together for its intimate feel. With an upscale fanciness, do expect prices per person to be at least $30+ (USD) if you plan on doing the set courses.For my group of 4, we ordered 2 different sets that came with a variety of dishes. In total, we must have received around 24 tapa like style dishes and man......FOOD COMA ALLLLLL DAY.Each dish was stellar. From the execution of the various meats (lamb/beef/chicken/pork/goat) to the combination of veggies + spices....all the dishes were spot on and I couldn't find one dish that I didn't like.Service is pretty decent. If your table seems to be water guzzlers, simply ask for a pitcher since the waiters don't swing by too often. With drinks included, it came to be around $40/person (USD)......A bit pricey for dinner but super worth it for the experience of ""rice tables"" when visiting Amsterdam.",5
5,28/7/2019,Amanda C.,"Came here with reservations. The entrance was confusing as there's not host to greet you there, but halfway through the front of the seatings, you'll then find the host. It felt weird to walk through people looking for the hostess. Upon arrival we let them know we had a reservation and they sat us a few minutes after. They're super busy here so catching their attention for water and drinks was a bit tough. We went with their set menu for two people versus picking our own dishes; which to me is super helpful! We had the Celebes Rijsttafel for 34.5€ each person. We ordered a lumpia and soup, but we both got soup :/ it was a good kick of spice but got too spicy for me to finish. This set came with:- steamed rice- fried rice: tasty and had crispy bits in it.- tender braised beef in spicy chili sauce: this had a small kick to it, but not unbearable. The beef was soft and flavorful.- grilled chicken in green pepper sauce: the green sauce was too spicy for me so i only ate a small bit of the chicken without the sauce. It wasn't enough for me to judge the dish, but the chicken wasn't dry.- skewer of lemongrass with minced fish- chicken skewer: tasty!- beef skewer: flavor was good.- cod fish: i liked this as it was crispy on the edges of the fish and soft inside. - beans with bamboo shoots: not usually a can of bamboo but i didn't taste it. The bits of tofu were also yummy:- fried soybean cake: these came out like chips but also very bland in flavor.- cucumber salad: i love pickled cucumbers so this dish was yummy and finished before the meal started.- mango salad: this was cooked with veggies that look like cole slaw, but i enjoyed picking out the bits of mango to eat.- spiced coconut: i loved putting these bits on top of my rice for every bite or even on top of any of the dishes. It adds yumminess to every bite.- nutcrackers: this was the sweet, crunchy dish that didn't go well with the meal because it was a sweeter dish than all savory dishes with it. Also felt like crispy nuts. Overall, busy spot right where the flower market is. Entrance could be better and more welcoming as well. It was around 84€ total for two people with 2 glasses of wine and a bottle of water. However, they asked for service so i felt obligated to tip and rounded it to 90€.",4
5,8/5/2019,Marilyn T.,"I kind of had my heart set on the Indonesian rice table experience, and this place had fairly good ratings, but we ended up walking out.It was very poor service and communication about seating. There was just one guy there for the front of the house, and he didn't seem to care whether we ate there or not. The front part of the restaurant was fairly full during lunch around 12:30pm on a Sunday, so I get that he was busy, but we just got a very clear sense that our business didn't matter to him.",2
5,23/11/2019,Manny D.,"Our first dinner in Amsterdam (late November 2019), was recommended by the check in person of our Hotel (NH Collection - Flower Market) and was truly amazed by the food! Be sure to make a reservation though.",5
5,21/7/2016,Edward W.,"This restaurant is located right next to the flower market and seems pretty nondescript from the outside. Dropped by for lunch and it was pretty much empty. I ordered the fried rice which tasted quite good and was slightly salty. My friend ordered the chicken soup which smelled great, but ended up being very light in flavor. He loved it since he wanted something more bland.There were also several shared small plates in the middle. A basic cucumber dish, fried egg in curry sauce, shrimp crackers, and sweet and sour nuts. We never got a chance to see if they refill these plates, but each one was quite good.",3
5,27/2/2018,Matt L.,"Indonesian food is so tasty and flavorful and this is authentic. Spend the money for a tasting menu for two, priced between 27 and 30 Euros per person. It's a lot of food but not too much and the selections are great. We made reservations through Open Table and still had to wait 30 minutes. The place was packed on a Saturday night at 7:30. A host/waiter saw my down turned face as we waited in the cramped space and brought over shrimp crackers and gave me a free beer. That's service. The amount of food coming from the kitchen is amazing. Watching the staff as we waited was like seeing the ballet on stage. By the time we got to our table we knew what we wanted, put in our order and it started arriving about 10 minutes later. Spicy and marinated chicken dishes, beef satay and a beef stew, vegetable dishes in coconut sauce, tofu dish in spicy peanut sauce. Really tasty, would go again.",5
5,16/7/2019,David S.,Too tight and slow service. The food is just average. Wanted dessert and was told the kitchen was closed. I'd try another Indonesia place.,2
5,24/7/2018,Travis C.,"A fantastic Indonesian restaurant in downtown Amsterdam. I had visited Indonesia a couple weeks before coming here, and I was pleasantly surprised to find that the cuisine had not been overtly changed to appeal to Western tastes. We got one of the rice tables, which provided a great overview of Indonesian cuisine for my dinning companion who had not been there. The strongest dishes were the shrimp, the tempeh and the chicken in coconut sauce. The skewers left a bit to be desired. They also have Bintang beer, which is the iconic beer of Indonesia. Well priced and good service. Reservations recommended.",5
5,6/1/2019,Joe M.,"Great food - really tasty and the platter size was perfect. In a really really good location, it's impressive that it wasn't really that crowded. Was a perfect cozy relief from a busy day.",5
5,1/7/2019,Raquel B.,This was my first time having Indonesian food! Loved it. They didn't have a completely vegan option so we ordered Vegetarian. Flavors were delightful.,5
5,14/8/2017,Anju J.,"The worst restaurant in our entire Europe trip.Horrible servicethey don't give tap water until you order a beverage- then why do i need water?For that price of meal, this cheapness ruins thingsThe food doesn't stand out. One person in our party was vegetarian and they got 4-5 tofu dishes, bit much..lacking creativityDo not recommend at all",1
5,30/3/2018,Christine W.,"If you're a tourist in Amsterdam you might be thinking that you should try more typical Amsterdam foods BUT here's why you need to try out sampurna+++it's authentic - at least according to the bf who is from indonesia. We got the batara menu which like most of the other menus allowed a large variety of food sampling. If you aren't sure what to get, that's a greAt menu- faves were the chicken soup/fried dumplings/salad with light vinegrette +++the flavors were such an adventure- each dish was a delightful combo of a lot of tastes, spicy/fragrant/savory/even a hint of sweetness +++dessert was delicious - we got the es pisang goreng which is a fried plantain with delicious vanilla ice cream and whipped cream",4
5,21/9/2019,John M.,"""Rice Table"" is a uniquely Indonesian meal I like to enjoy in Amsterdam.  This trip my hotel is by the Flower Market so when I looked for Indonesian, I was pleased to find a highly rated restaurant so close by. We arrived at 7:30pm on a Saturday without a reservation and were seated with the condition we would be done by 8:30.  After us, everyone without a reservation was turned away.Even though they needed to have us finished by 8:30 the service was prompt but not pushy.The rice was great, consisting of a bowl of safron rice along with about a dozen small bowls of assorted meats and vegetables.  The food varied from mild to moderatly spicy and was perfectly filling for two people.",4
5,16/12/2019,courtney o.,I have been to Amsterdam three times and every time I visit I make it a point to eat here. The food is amazing. We have tried so many things on the menu and they are all fabulous. The rice table is enough for two people and very delicious. This restaurant is one of the best Indonesian cuisine I have ever had. Can't wait to return.,5
5,19/4/2017,Steve F.,"Quant little Indonesian restaurant near the flower market.  Great location near from almost anywhere in the city center. We had tried Rijsttafel at another place, and wanted to try it again. This was just as good.  The atmosphere is subdued and the tables all have candles.  They place the veggie crisps on each table so that you have something to munch on when you arrive.  Beat to make a reservation as we saw many people turned away throughout our meal, and this was on a Wednesday night. We each had a glass of the house wine, mine was from Spain, my wife's from Italy.  Both pretty good. We got the Celebe rijstafell, and they price it as per person with a minimum of 2.  The food was good, tasty, and more than enough to fill us up.  One item was way too spicy for me.  Service is pleasant, but sometimes it took a while for hen to check back with us.  A little more frequency with walking by would have been nice to refresh our drinks.  They were really busy, and could probably use another waiter.  But they were all very nice.  The small room can get noisy, but that seems typical of the small size restaurants in Amsterdam.  We would go back.",5
5,29/6/2018,Amy C.,"The Indonesian food here was so-so. Our entire table felt it was overpriced and not very good. The worst part is that our waiter lied to us by telling us we needed to buy a bottled water and could not get tap water. Then we saw later that nearby tables had carafes of tap water. We also waited quite a long time to order and get our check. By the end, we were very eager to leave. I would not recommend this place!",2
5,31/12/2018,Nisha T.,"Right next to the flower market. This place is amazing. Best Indonesian food I have had. The variety of tastes you experience is worth the price. You have to get one of the Rice tables, which is an assortment of curries, meat, veggies, etc.",5
5,10/8/2018,Mark K.,"First time eating Indonesian food and I was lucky enough to eat it in Amsterdam.  I would recommend this place because the folks are friendly and the food was really good.  I have to say that I didn't know what to make of it because the flavors were very unique to this Californian's taste buds.  The closest resemblance in my mind would be Thai food.  But they are not siblings in taste, but more like distant cousins.",4
5,9/10/2016,Nancy L.,"Excellent food.  Ordered rice table and the fish dish.  Very authentic.  I eat Indonesian food all the time.Only complaint is they want to charge me the price of another hot tea 3 euros to get more hot water.  Never heard of this before.  I'm a world traveler, and this was the first.  I can't blame the server but I'm writing in the hope the owner is reading this review.",5
5,7/9/2019,G T.,Tasty food and lovely restaurant. The service was excellent. Highly recommend the rice table for small portions of several dishes to get some Indo tasting,5
5,8/9/2015,Eva K.,"When I think of Amsterdam, I think of all the Indonesian food I'm going to get there.Living in Copenhagen where there is none makes me craving for food from my homeland now and then, with the closest restaurant being in Hamburg, I was almost high (no pun intended) with excitement when I knew that we were going to Amsterdam for study trip held by the company.Sampurna is right by the flower market, it's fortunately within walking distance from our hotel in Spuistraat and it's open until very late and that's a win for us because we arrived at our hotel quite late and we could still score late dinner.Warning: Service is very slow, you need to be proactive to get the menu card and order because they're very understaffed, but apart from that - I have no complaints. Heck, I didn't even take one star off it because the food is simply amazing.If you're two people who share same interest with food, go for the rijstaffel. I know, I know - they might not seem to be the most authentic choice to make, but rijstaffel here is where you actually get to sample all the dishes in the menu. They come in mini-plates for two, so it's not something that they made up for the Dutch consumption. I chose the vegetarian rijstaffel that I shared with my friend. I am not vegetarian but I don't eat poultry and most of other rijstaffel has chicken on it, so vegetarian is fine by me and it turned out it was the best choice. I was overwhelmed with the amount of dishes keep coming to our table, tofu satay, orek tempe, sambal goreng telor, lodeh, gado gado... amazing. They tasted amazing as well. Only one thing negative is that the rice came in a very small bowl and I thought it was free to refill, but unfortunately you pay for the refill, small charge, but still - it would have been nice with free rice refill, you being in Indonesian restaurant and all, but don't let it discourage you. If you're in Amsterdam and you want to sample Indonesian food, this is the place to go!",4
5,25/9/2018,Adrian K.,"Overall : Service is bad, food is not authentic (I grew up eating Indonesian food) and pricey. Experience: I asked for hot sambal and the waitress replied ""the sauce on the food is spicy enough"" and walked away. Further, we have to ask a few times for water and finally got the jug of water but with no glasses to drink with. At the end, she explicitly asked for tip when we were paying. Would never come back considering how many good Indonesian food options in Amsterdam.",2
