bar_id,date,name,review,sentiment
1,17/3/2022,Emma W.,"Great food and amazing service.I'm not a good writer and don't know how to write hundreds of words in admiration of a place but I must say that it was better than expectations. I ordered a Tomato soup and Goat cheese croquettes for a warm starter and for the main course I had a steak. The quantity was good but I guess they can work a bit more on the quality of the ingredients. Also, the staff was very friendly and professional.",4
1,10/4/2022,Cindy C.,Our server was great!! Food was delicious. Very tiny restaurant in amsterdam super cozy. The 3 course special was good!,5
1,1/4/2022,Jack C.,"Dear Craig,What a gem! If you're looking for an authentic meal from Amsterdam this is the place to go.  You better be hungry too because the portions are large.We started with soup.  The Tomato soup was great, not creamy which is the way I like it.  After trying the split Pea soup, there is no question.  You've got to get the split pea soup.  Flavors were string and delicious. The soup comes with a strange yet tasty bread, deli meat and spicy mustard The cheese fondue had a beer flavor to it that was unique. Must try.  For the main meal we had sausage and sauerkraut.  The sauerkraut was mixed with potato...I think and was amazing. I would like to go back and try the meatball instead of the sausage next time.  The sausage was a link and not my favorite.The staff was so kind and inviting.Jack",5
1,24/4/2022,Daniel K.,"Stoped in just to see if we could get a table, they were very accomidating and the wait was small.  The food was extreemly good the bitterballen was fantastic. As I am not from the area I wanted to try lots of different thing and the Combination plate was had a little of all of their main dishes, it is a must try.The service was awsome even though it was packed",4
1,13/4/2022,Mia L.,"The Pantry was the last meal we had in Amsterdam and it was the best! The service was great, the food was delicious, and the beer was fantastic. The interior was beautiful.",5
1,14/4/2022,Robin M.,"The Pantry is a cozy place. Yes , it's small but they have a few tables outside as well.  You will need a reservation here !!! The service was quite friendly and the server patiently explained the different dishes. They offer a regular menu in many languages and four 3 course menus . We found ordering from them a good way to sample many things.  They offer a combination hutspot which puts the 3 different types of mashed potatoes on the same plate as the meatball or sausage so you can sample all 3. Our favorite was the mash with the sauerkraut !  We also had the fish which was fresh and simple. The 3 course menu includes a starter - the pea soup was outstanding - and dessert.  The stroopwafel with caramel ice cream was very very good ! Enough to share also. If you choose something with a different dessert , I'd pay extra to change it or order it a la carte. Ordering this way was cost effective and it was plenty of food.  The Pantry is a good choice when looking for authentic Dutch cuisine.",4
1,11/4/2022,Briana B.,Amazing experience! We didn't have a reservation but the host was extremely nice and squeezed us in. Food was delicious and service was perfect!,5
1,4/5/2022,TS R.,Ok. If you want the authentic Dutch experience you can't get any better. Can't wait to return in May 2023.,3
1,15/4/2022,Kathleen F.,"What an unexpected treat! We wanted traditional Dutch food and the pantry was just that. What was even better was the cheerful, fun, super easy-going staff. These folks were fabulous!",5
1,6/8/2021,Johanna S.,"It is not easy to find a traditional dutch food restaurant in the netherlands. But, i now found it. The restaurant prepares the food i ate while growing up. While surrounded by a kitsch amount of dutch painting and delft plue tile and dutch music on the radio, i enjoyed a steak.Hostsare friendly, and prices are ok. Definitely will take some visiting overseas friends here.",4
1,16/3/2022,Adi A.,"We came here esecially and it was really nice (:Good dutch food, good vibe and the owner is super sweet",5
1,16/9/2021,Ruben G.,We had split pea soup (and a few other things) and it was the best soup we've ever had. So good. The other food was great as well. They brew their own beer and it was excellent as well. Service was very nice. Multilingual menus as well.,5
1,31/3/2022,Stephen T.,What an amazing dining experience we had. Very traditional Dutch food with vegetarian options. The menu comes in many languages and the service was outstanding! Warm comfort food in a cozy space. Highly recommended.,5
1,16/11/2021,Yixuan S.,"We saw this restaurant recommended on a YouTube video.  It showed  hearty winter sustaining food described as typical home-made dishes from Dutch cuisine.  It lived up to its reputation and was just what we needed on our cold November Day.  The restaurant is located on the heavily touristed Leidsekruisstraat and we feared that we wouldn't get in without a reservation.  Luckily a table of two inside by the front window was just opening up as we arrived and the waiter kindly gave it to us.  Whew!  Not only did we get a table, but in my mind, we got the best table of all.  Out of the 4 3-course menu options we chose Menu 1 which was very reasonable priced at 21.50 Euros per person. Course one was pea soup (with pieces of sausage) with rye bread with cheese and mustard.  The second course was sausage (or meatball) and three sides which are in Dutch 'hutspot, boerenkoolstamppot and zuurkoolstamppot.'  But in English these are 1. mashed potatoes mixed with sauerkraut, 2. mashed potatoes mixed with broccoli, and 3. mashed potatoes mixed with carrots and herbs. All three were delicious.  And surprisingly we both ate it all.  Luckily the dessert of vanilla custard with yogurt and a fruit syrup was light, although tasty.  The food was delivered incredibly quickly since this menu is extremely popular.   But in truth all the service was very professional: fast, efficient, and very friendly.  Their were other menu choices that we would have loved to try, and had we stayed in Amsterdam longer I'm sure we would have returned.  In this city of international cuisine we were glad to find typical Dutch fare, excellently made and presented.",2
1,24/1/2020,Beau F.,"Wow, this place is just so real and authentic. Really great Dutch food, felt like I was eating at my Dutch grandmother's house. As K and I were here on a chilly winter night, this was perfect! Here's what we got:Cold starter: combination of 3 Dutch sausages. These were great, real local sausages. Yum.Combination of hutspot, boerenkoolstamppot and zuurkoolstamppot (served with a smoked sausage or a meatball): oh god, this was just amazing. Just get it. It's rich, complex, and crazy filling. I could eat my weight in this dish.Savoury beef and onion stew(with red cabbage and mashed potatoes): k loves stews. She's Irish. As stews go, this was great, but you gotta dig on stew. Super authentic and tasty if this is your deal, so can't knock it.I loved the staff here, too. So nice. I'd come back here in a heartbeat. They are busy so I'd recommend calling ahead for a reservation!",5
1,14/11/2019,Johanna S.,"Should be 1 star but friendly service 2 stars. Food here is atrocious, the worst restaurant I've had in Amsterdam by a LONG SHOT. Any menu with multiple languages is likely horrendous. Against intuition, i came anyhow wanting ""local dutch""Large portions, fried, low quality ingredients. Go elsewhere.  It's also not cheap.THE FOOD:- bread: not good, crusty, or homemade- fish platter: smoked eel, tiny shrimp and herring.  Herring almost made me throw up lol texture was awful - goat cheese salad: couldn't eat, goat cheese was too strong - sea bass: weirdly textured, served with buttered boiled (frozen?) vegetables- mashed potatoes: microwaved? Hard on the outside, soft on the inside - mini pancakes: highlight of the meal. Only thing I really ate TLDR: do not come here! Unless you only come for pancakes. Lolll",2
1,21/9/2019,Jackson S.,"There are a lot of choices to eat around here. Across the street is Italian that boasts ""it's simply the best"" and the place outside with a rowdy table has Dutch mussels and fries for 10 euros. So, why come here? Well, Yelp says it's good Dutch traditional food. It looks cute inside, may be 1930s style with porcelain plates and tassled fake candelabras on the wall, despite it only being open since 2000.As with all traditional restaurants, The Pantry does a bustling tourist trade. Is that good or bad? Neither. Everyone's having fun, and they welcome lone diners like me. In fact I even lucked out and got a window table on a pleasant late summer night ( no rain, 60F). If you don't might the occasional waft of cigarettes coming into your meal it's a nice spot.I ordered combo of hutspot (mashed potato with beef and veg) boerenkoolstamppot (mashed potato, kale and bacon) and zuurkoolstamppot (mashed potato with sauerkraut). It was tasty, although a bit salty, esp the bacon dish. I got the yogurt and custard dessert which was as it sounded. An odd combo, but tasty. You're supposed to mix it together, but I ate it separately.All, in all a nicer dining experience than the other places in this area. The host / server was really friendly and humorous. The place as packed. I tried another Dutch restaurant in another part of town and it was better, but more expensive.",3
1,2/10/2019,Tamuna U.,"Small restaurant serving traditional Dutch food - get reservations to avoid waiting!!Got the following:Bitterballen: 4 stars, piping hot and full of flavor. Could make a meal out of these. Enjoyed the pairing with whole grain mustardOven bake with ground meat and cauliflower: 3 stars, tasty, but unremarkable. Needed salt. I stole some braised cabbage from my husband and that made it taste a lot betterBeef stew: 3 stars, came with mashed potatoes and braised cabbage. The cabbage was 5 stars. The rest again was tasty but unremarkable, and needed some punchThe dessert was the best: 5 stars. White chocolate mousse and chocolate ice cream, in addition to a little eggnog custard and fresh whipped cream. Delicious",4
1,27/8/2019,Joshua B.,"The pantryI came here with my husband to try out some Dutch food. We ordered the special #1 and #2. Menu 1:Pea soup - good, but not spectacular or special in any way. 3 mounds - they had certain flavors such as sauerkraut, kale, and one other one. They were decent. Vlaflip - my husband described it as dannon yogurt. And he's kinda right. :/ there was nothing really special about it Menu 2:Goat cheese croquettes - these were actually good, and I don't like goat cheese. Guess that's what happens when you deep fry anything though Ground beef, cauliflower, and mashed potatoes - just like shepherds pie. It was actually kinda bland, but it felt healthy due to the cauliflower. Really filling. Poffertjes aka mini pancakes - was the highlight of our mealOverall I would say that 1) the decor is cool 2) it's a very touristy restaurant 3) the food overall wasn't that good / maybe I'm just not super into Dutch food. 4) service was quite slow5) maybe was a bit overpriced for what it was I would not actually recommend this place. Also the fact that cigarette smoke from the outside kept coming in was very bothersome",3
1,20/8/2021,Pete M.,"I ate the beef and onion stew with red cabbage and mashed potatoes. My boyfriend had the ""oven dish"" (like a cauliflower, cheese, potatoes and beef hot plate). Our appetizer was bitterballen. Our total ticket price was 45 dollars. The menue was available in like 8 languages. The staff was friendly. The food was perfect for the price.",5
1,2/7/2018,Tim X.,"I was visiting Amsterdam for a few days with family and we were looking for quality, traditional Dutch food. I'm so glad we found the Pantry. The first night we came, they were fully booked, so we made a reservation for the following evening. Definitely make a rezzo if you're going for weekend dinner!We ordered all the classics: the shrimp croquettes, split pea soup, Dutch sausages combo with bread, and the sausage with 3 types of mashed potatoes. Everything was delicious and well prepared. A few of the Dutch sausages were unique tasting--I think one was liver? And the shrimp croquettes were on the smaller side, but that's nitpicking. We also ordered the seabass fillet, which was good, but not quite on the same level as the other dishes. Maybe should have gone for the Dutch steak instead.The atmosphere is very cozy inside, tables are quite close together but not uncomfortable. Service is very friendly, all the waiters speak English and provide English menus. Customers appeared to be a good mix of locals and tourists, so you know it's not a tourist trap!Would definitely recommend this place for dinner to anyone visiting Amsterdam looking for authentic Dutch food.",5
1,28/9/2019,Steve F.,"The host, Bas is just amazing!! Friendly, efficient, and in perpetual motion.  Whatever the owner pays him is not enough.          And the food? Just sensational.  Traditional Dutch comfort food - sausages, mashed potatoes, the most delicious red cabbage prepared with wine and brown sugar.  WOW!!      If you are looking for authentic Dutch food in Amsterdam, The Pantry is the place!!",5
1,23/5/2019,Jamie J.,"When people ask me where I went on my European vacation, I say London, Amsterdam, Germany, and Switzerland!  It reality, it was only London for 3 days and Amsterdam for 1.  Since we didn't have a lot of time in Amsterdam, we really needed to make our meals count.  We decided on The Pantry for our dinner.Our last stop was at the Royal Palace, so we had some walking to do from there.  It's not far, but it is a little bit of a walk.  However, Amsterdam is so beautiful, I didn't mind the scenery while walking.  The restaurant is located in an alley, so it's not really off a street with cars.  Even at 5:30pm, the restaurant had about an hour wait.  Apparently, a waiting list is not something they do at many restaurants we visited in Amsterdam (we tried going to 3 different places for lunch and all of them didn't have one).  Instead, you just wait outside.  This day, we got lucky because someone cancelled their reservation.  Instead of 45 minutes, it ended up being 15.  Yes!!!The place is small, so it is a little cramped.  Was it uncomfortable?  Not at all.  However, you are really close to the next table.  Before I get to the food, let's talk a little bit about the service.  It is awesome!  Don't let anybody tell you Dutch people don't have good customer service.  I saw a video on Youtube, before coming to Amsterdam, that says the service here is not the same as in America.  Probably not.  It may not be a good barometer of all restaurants in Amsterdam, but The Pantry definitely has great customer service.  Now for the food.  I saved the food review for last, because it would take me 4 hours to write this part.  I can't even come close to saying these items, let alone spelling them.  Anyway, we started with Bitterballen, which is like a fried meatball stuffed with gravy.  Freakin' brilliant!  Seriously, what's not to like?  For our entrées, we had Boerenkoolstamppot (smoked sausage with mashed potatoes mixed with Kale), combination of the Boerenkoolstamppot, along with Hutspot (mashed potatoes mixed with stewed beef, carrots and onions), and Zuurkoolstamppot (mashed potatoes mixed with sauerkraut), and the Savory Beef and Onion Stew, which is served with red cabbage and regular mashed potatoes.  My daughters got the Boerenkoolstamppot, which they both loved.  However, they took my regular mashed potatoes and I took the kale ones.  My wife got the combo and she liked that one, but liked my Beef Stew better.  While we all switched and tried everyone else's food, everybody loved the entire meal.",4
1,29/7/2018,Lilian K.,"I love the people who run this restaurant; the place is decorated very nicely and is a bit small so remember to make a reservation if you plan on coming during peak dinner times.For us, we arrived around 5:30 and the woman gladly took us in even without a reservation. She was so friendly and energetic! The man serving us as well was kind enough to explain what items were on the dish since we clearly were tourists who were trying a traditional Dutch meal for the first time.I ordered the combination plate with a meatball (3 types of mash with sauerkraut, kale, and a blend of beef/carrot/onion). All three mashes were so so good. The meat ball was also delicious as well.I'm glad to have had a nice setting sit down meal with food that I can trust to be traditional.",5
1,26/7/2019,Mimi S.,"Forgot where I found out about The Pantry, probably on TripAdvisor. Great spot to grab traditional Dutch food. The Pantry is a small, cozy place with amazing ambience and service.We came in for an early dinner after a long day of walking around. This was one of our favorite spots in Amsterdam! Great selection of dishes and drinks. First time trying bitterballen and it was great. SO got the combination hutspot and I got the oven dish (cauliflower, beef, cheese, mashed potatoes). We loved our experience here!Would also recommend the Apple Bandit cider which was quite refreshing and not too sweet; it was better than expected.",4
1,20/4/2018,Andy N.,"A visit to The Pantry was a must for us on our first day back in Amsterdam. With an impressively no-frills name and a quaint environment, we were happy to see it serve some delicious Dutch food while having all-around great service.We came in a little after they had just opened up for the day and an array of lunch specials were presented to us. While our main objective coming here was to try their Hutspot, we decided their €21 set which included pea-soup and a custard dessert would be more appropriate. Thank goodness too because everything was tasty and splendid.The pea-soup with rye bread and smoked ham was one of the best I had tasted in a lifetime. It was thick and not overly salty when it comes to pea soup, and their homemade rye was a great accompaniment.The main dish came with their signature hutspot along with two other mashes accompanying either a smoked sausage or meatball. Since there were two of us, we each got a separate meat so we were able to try both. Personally, the meatball was my winner, which is funny because we both enjoyed each other's meats better (lol). All in all, it was fantastic to taste the different mashed potato concoctions on the side- my favorite being the one mixed in with kale.Our vanilla yoghurt with custard was simply divine and a great way to end our meal. Dare I say it- I liked this portion the best out of everything we tried during our lunch set!I was very impressed with the service and food quality here at The Pantry and would absolutely recommend it for everyone to try visiting Amsterdam.",4
1,10/4/2019,Tibs C.,"Good service, ambiance, food presentation. I think it's a solid place to try traditional Dutch food, just my taste buds aren't impressed by most European fare.They have preset menu choices which is nice. From menu 1, my favorite was the pea soup with sausage. The stamppot (sausage over different mashed potatoes) was just ok to me, several reviews laud the sauerkraut mash, and if you love sauerkraut you'll probably quite like it (alas, not a fan here). Dessert was a light yogurt/custard. One of my friends tried menu 2 which featured croquettes, something resembling shepherd's pie, and poffertjes (mini pancakes). All decent, and very good portion sizes (none of us were able to finish everything), and I'd say definitely worth a visit if you're on vacation and want to sample Dutch food.",4
1,31/12/2017,Alyssa W.,"The Pantry is a great traditional little Dutch restaurant. My boyfriend and I walked in around 7PM and were seated quickly (if you have a party bigger than two, you should probably make a reservation). The place is dimly lit, small, but very cozy and bustling. I got a hutspot dish which is mashed potatoes mixed with stewed beef, carrots and onions and served with a smoked sausage. My boyfriend ordered ""Menu 1"" which is a full course meal: appetizer - pea soup with rye bread and smoked bacon, entree - a combination of hutspot, zuurkoolstamppot (mash potatoes with sauerkraut),  boerenkoolstamppot (mashed potatoes with kale) served with a smoked sausage or a meatball, and dessert - vanilla custard with yogurt and syrup. I'm not a fan of heavy food, but I really enjoyed the hutspot and the boerenkoolstamppot, but not so much the sauerkraut one. I also am generally indifferent about sausage and would not care for a large sausage as I had here. It was so good - the smokiness really made it great and tastes nothing like the hot dog flavor that I was scared to get. We also ordered the apple pie because hey, Dutch dessert! It was a really interesting texture, crunchy on the top, unlike the famous apple pie from Winkel 43, but nonetheless delicious and I enjoyed it much more than any apple pie that I have had in the States! The vanilla custard with yogurt dessert was rather disappointing though because it literally tasted like... cup yogurt from the supermarket and the syrup was really fake tasting. Overall a satisfying experience with attentive service.",4
1,26/6/2018,Dan A.,"We were visiting Amsterdam and wanted to have an authentic Dutch dinner.  The Pantry didn't disappoint!  This is the ultimate comfort food!  We started with the Shrimp Croquettes which we really didn't need as the entree portions are more than enough.  We decided to split the Dutch Ham (a visual as well as culinary experience and be warned-huge!) and the combo Hutspot (mashed potatoes) with sausage and added meatball was excellent!  We had the La Trappe Quadrupel Ale which is a Dutch (Belgian style) Ale & was very good.  The Pantry is charming, cozy & small (& they do get busy) so reservations are highly recommended (especially if planning on going during peak times).  Service was also excellent!",5
1,10/11/2019,Emma C.,"Excellent service and food! You can't really go wrong with Dutch home cooking. The pea soup was delightful! I got the meatball with three different types of mash potatoes as my entree and I loved every part of it. The wait staff was also very friendly and spoke English, so that was a plus!",5
1,15/10/2018,Earl H.,Amsterdam isn't exactly a culinary wonderland but it has some local flavors you shouldn't miss. The Pantry serves up typical Dutch cuisine with some of the friendliest service you'll find in Amsterdam.   I went for the zuurkoolstamppot which is Sauerkraut mixed into mashed potatoes with a sausage. Nothing exciting to look at but it was actually pretty delicious. If you're in Amsterdam I'd highly recommend making reservations and give the pantry a shot.,4
1,31/5/2019,Yalena R.,Excellent service and really Dutch food!!! Exquisite Good price and quality food!!!You wanted to this place,5
1,24/10/2016,Kim l.,Delicious Dutch food! I found this place on yelp and told hubby to meet me there after the RAI conference. We were seated outside on the patio in an alley. I ordered their special which included one sausage and mashed potatoes prepared in 3 different ways. Everything was delicious. Hubby ordered steak with veggies. He enjoyed his dish. I ordered a split pea soup and my kids devoured it. The dessert yogurt dessert was yummy too. Service was efficient and friendly. They had a problem processing our credit card for some odd reason so we had to pay with cash. When we were leaving a family was looking at the menu and I told them that the food was fantastic so they quickly took a seat outside. However the waiter came and told them that all the seats were reserved already. Wow...good thing we came when we did!,5
1,16/8/2018,Viet L.,"Eh, this place was okay.Came here on my first night in Amsterdam since I was starving and got a table in a small, but packed, restaurant. I didn't know what to order so I got an item on the traditional Dutch section of the menu.Turns out it was 3 different types of mash and a sausage. It was interesting and a completely different flavour profile than I'm used to but it wasn't anything to write home about (but Yelp is a different story lol)Maybe I need to try something else, or maybe Dutch food isn't my thing.",3
1,12/7/2016,Rebecca T.,"If you want delicious traditional Dutch food with cute decor and friendly service, this is the spot! Thanks to yelp, we were able to locate our next food adventure. Of course in the Netherlands, you'll have to try Dutch food!We got the famous dish... Potatoes. The ménage à trois of mashed potatoes will offer you the most interesting flavor profile you can have - sauerkraut, kale and sweet potato/carrots/onions! All three tasted amazing with great flavors and the right amount of richness. Some mashed I had was way too buttery and it gets gross. Not this one. We also had the beef stew and goodness it was so tender and delicious! I cleaned my plate and so did he!It's also a great place to try some local Dutch beer! The only disappointing thing was the yogurt/parfait kind of dessert. It was a bit to melty and nasty. We didn't finish it. The decor was very cute with a lot of different lamps by the door and their famous Delftware on the wall. All the staff there were friendly too and were proud of what they served. We had a great evening there!",5
1,9/8/2018,Shannon W.,"Where to begin! I am in love with the food here.The waitresses are friendly and with the cozy indoor ambiance, I'm sure to come back with a group of friends. Groups of four-six can expect at longer wait.We ordered the cheese fondue, menu option A (sea bass) and the combination platter (). Cheese fondue with brown and white bread, tomato slices, cucumbers and a side salad The waitress exclaimed ""Wow you finished your food. Completely finished it."" That's how it went down!",1
1,15/8/2019,Chris L.,"Our hotel staff recommended we check out The Pantry for Dutch food, and we were glad we did.  The food was great.  I can't even remember what we got, but the staff were really friendly and everything tasted wonderful.  We tried a sampling of foods and it was all very good.  We'd definitely come back here again.",5
1,3/9/2018,Lindsay S.,"Food was delicious, service was great, prices were standard!We thoroughly enjoyed our dinner here and will be back next time we visit Amsterdam. We made reservations the night before and glad we did because there was a small wait. We were lucky to get a nice outdoor table. Wine and beers were brought in a timely manner to our table after ordering. The bitterballen appetizer was fantastic. We scarfed it down in seconds it seemed. We contemplated ordering more. Hah. For our dinners we ordered the hutspot (which was to die for) and the sea bass. I wish we had just ordered the hutspot for both entrees. The fish seemed a little overpriced for the quality but it was good still. After dinner we ordered the apple pie and cinnamon ice cream. Both were great! We will definitely be back for more. Only con for me was wait time but it's worth the wait!",4
1,6/7/2019,Jane C.,Must visit when in Amsterdam! We made reservations in advance and happy we did. The restaurant was packed at 6 pm! Service is super quick and friendly. Food was amazing!,5
1,21/9/2018,Conrad B.,"Visited 09/15/2018Stopped in for a traditional Dutch meal and weren't disappointedI had their #1 special which was pea soup with bacon (excellent!) and a couple of Hutspots. Hutspots are mashed potatoes mixed with different veggies. In my case one was mixed with kale, one with sour kraut and one with carrots and onions. I like the mashed potatoes with carrots and onions the best. My wife had the sea bass with veggies and mashed potatoes which she enjoyed. This restaurants is in the middle of 10,000 restaurants. The whole area is really one massive 'hangout.' You won't go hungry if you're lost in this area of Amsterdam.",5
1,25/10/2019,Carin L.,Most delicious food in Amsterdam I think I've tasted! The food was cooked perfectly.  Defyingly a go to place for authentic Dutch cuisine! We made reservations a few days ahead which is a much in order to get a seat.  Highly recommend!,5
1,12/4/2019,Charlotte S.,First time traditional Dutch cuisine I was impressed with combination of flavors. Well balanced portions from Starters to Dessert. Nice atmosphere can see why it had so many 5 star reviews.,5
1,29/11/2019,Fiona H.,"Very disappointed after seeing the other high reviews.Food was standard tourist fare, not authentically Dutch or special in any way.Service was truly horrible, as opposed to the many other friendly restaurants in the area.To top it all off, they added an item to my bill I never ordered or had. They manually reduced the amount when I pointed it out, without any sort of apology or even smile.",1
1,31/5/2018,Kimberly C.,"Our hotel staff recommended we check out The Pantry for Dutch food, and we were glad we did.  The food was great.  I can't even remember what we got, but the staff were really friendly and everything tasted wonderful.  We tried a sampling of foods and it was all very good.  We'd definitely come back here again.",5
1,16/12/2019,David K.,"Customer service was excellent!!! My friend is a vegetarian and they made sure to cater a traditional Hutspot Dutch meal to her. The food was delicious. For the rest of us meat eaters, we ordered the Hutspot combination and bitterballen. Traditional Dutch food at its finest!!",5
1,15/9/2019,Doug A.,"We had a wonderful early dinner at The Pantry, we were lucky to get a table since they are usually so busy. The service was great and the food was perfectly traditional Dutch food- would definitely return",2
1,28/10/2019,Karen M.,Simply excellent. The fried goat cheese was amazing. I also enjoyed a delicious sausage dish that could also be served as a meatball. Highly recommend.,5
1,27/10/2019,Tammi F.,"We were staying in Amsterdam and wanted to try actual Dutch food. We ended up coming back here afterward because we wanted to try other things on the menu! Fantastic experience, lovely waitstaff and we were very happy with the food. Definitely the best place in the area.",5
1,11/6/2019,Bryan W.,"Forgot where I found out about The Pantry, probably on TripAdvisor. Great spot to grab traditional Dutch food. The Pantry is a small, cozy place with amazing ambience and service.We came in for an early dinner after a long day of walking around. This was one of our favorite spots in Amsterdam! Great selection of dishes and drinks. First time trying bitterballen and it was great. SO got the combination hutspot and I got the oven dish (cauliflower, beef, cheese, mashed potatoes). We loved our experience here!Would also recommend the Apple Bandit cider which was quite refreshing and not too sweet; it was better than expected.",4
1,7/8/2018,Monica D.,"The restaurant is k own for their Dutch traditional meals.  The beef stew  entree is delicious.. lots of great flavors.  The fish entree was okay... there wasn't much flavor so I would recommend getting their traditional entrees.  The desserts- mousse and chocolate ice cream and Carmel ice cream were delicious.  If you want to go for dinner, you should definitely make a reservation if you eat after 7;00 pm.",3
