bar_id,date,name,review,sentiment
6,4/5/2022,Louis R.,"Awesome! Delicious food and friendly, welcoming service! My wife and I both had halibut and it was seared to perfection.Highly recommended!",5
6,10/4/2022,Brenda E.,I read about Van Speyk and reserved a table prior to our visit. No walk-in service is available and rightfully so. The food was carefully prepared and the presentation was beautiful. Each dish we had was delicious and the experience was amazing! Try the dark chocolate creme brulee!,5
6,8/4/2022,Michael S.,"Service, meal prep and presentation was excellent.  We had the fillet and the halibut, both were delightful.  We were able to get a nice table without a reservation, the historic building is warm and welcoming.  Overall a great experience.",5
6,3/5/2019,Yc T.,"Awesome dinners!!! We waited a while to get our food and it was so delicious. Granted we had 7 people and right after we ordered the restaurant filled up. I've always love eating here. Foods always served hot and not overly salted. It was all perfect! Desserts were awesome as well After all, good meal and good time for us thanks And lastly .... beautiful restaurant with the chandeliers aboveBtw, Jamie is a exceptional waitress! She made our dinner even better",5
6,15/9/2019,Christina W.,"Carpaccio was simply amazing. My husband should be happy I shared any with him.  Escargot was very good as well. Both were the best I've ever had.  The risotto was exceptional. My husband had the tuna and was seared very well. I had a bite and If you like tuna raw, then this is not for you. And last but not least, I had the Dutch dessert, which again, was amazeballs. One of my top ten meals of all time.",5
6,15/11/2017,Amber H.,"Got extremely lucky when coming here last night. Couldn't call for a reservation as we didn't have a local number and our receptionist wouldn't help us out we decided to walk over.There was a table of 6 leaving and the place was full. We got seated and was served right away. I got the french onion soup, amazing ! It was perfect the onions and the cheese well done. The steak was good but the few veggies that came with it weren't fully cooked. The lamb was juicy and the veggies were packed with garlic and spices. What a treat this place is. We also got the beef carpaccio it was made well and flavourful.We kept seeing other dishes people were ordering in the restaurant and we all wanted to try the duck or the escargots they were huge !  If you do go here know that they have their own aquarium downstairs with oysters and lobsters right beside the kitchen and the bathrooms, but do be careful those stairs are serious business extremely steep.",4
6,9/12/2017,Emmie S.,"We were looking for a restaurant with authentic Dutch cuisine and the concierge at our hotel recommended this place.  The food and service were both great!!For appetizer I had the Erwtensoep, a traditional Dutch pea soup with smoked sausage and it was delicious!  Totally hit the spot on that freezing cold night!  For dinner I had the Eendenbout which was homemade confit of duck-leg with Dutch potato and sauerkraut mash and orange gravy.  It was perfectly cooked and flavored...everything in the dish complemented each other superbly!  For dessert we shared the Tarte Tatin which was hot apple pie from the oven with a scoop of cinnamon ice cream and it was yummy!!I will definitely dine here again!",5
6,23/2/2019,Jeff B.,"I travel to AMS several times a year, and this is my  go to restaurant. The service is impeccable, and you absolutely have the beef carpaccio - best appetizer I have had in the world.Main dishes can't hold up to the BC, but the filet and the beef stew are both above average.Beautiful building dating to 1700's. Don't hesitate; make your plans here'",5
6,21/7/2021,Tina Ø.,Superb dinner and very good service - can highly be recommended. We will definitely be back,5
6,3/3/2017,Neluta G.,"Unfortunately this place did not impress. I was excited about it but it was disappointing. The dish I had ""duck"" not very good and they were kind enough to take it off the bill. I did explain that I do not care about that, I only care about the food experience but the guy that it is in charge of the menu insisted.The restaurant has these beautiful chandeliers, it brings you back to a Victorian era.Wine was OK, service was good. Lot's of restaurants in Amsterdam so...... there are many other choices.",2
6,16/11/2019,David H.,"I was seated at the bar for dinner and immediately I knew I was going to have a great experience when I overheard the owner/manager say to a waiter, ""You see, the two guys at your table that shared a meal and great conversation, and time together--that is why we do what we do. "" And the meal was in par with that care and hospitality.",4
6,16/6/2019,Koko S.,"Amazing too notch place.   Been around for about 7 years per the waiter jP and it shows.  Their menu is remarkable.  I actually walked downstairs in my very happy state to find out who the chef was to tell him how amazing the food was.  While I'm a vegetarian, folks at the table who were not said the escargot and the steak special was hands down the best meal they had in years.   As the sole vegetarian the onion soup and mashed potatoes and mushrooms were so outstanding I plan to go back again tomorrow night as their sides of veggies were better than any other main veggie dish a chef had made us in Amsterdam.  And I've been here over 2 weeks now for work and I would eat here  every night with the same choices each night.",5
6,22/1/2018,Rose Z.,"Location: Address is Spuistraat 3a, 1012 SP Amsterdam, Netherlands. However the restaurant has two doors: one is on the Spuistraat and another facing Nieuwezijds Voorburgwal. Reservation: you may reserve it early on The TripAdvisor via TheFork. You can call the restaurant to make a last-minute reservation.Setting: semi-formal and nicely decoratedService: professional and friendlyFood: well-prepared, good in taste and presentation. A stater and two main dishes were orderedESCARGOTS € 11.50 (starter), strongly recommended (We had Escargots at South France several times during this trip, but this one is simply the BEST).EENDENBOUT € 22.50, (duck-leg, main dish), 4.5 starNOORDZEE TONG € 34, (Dutch sole), 5 starThe best restaurant experience in this Amsterdam trip!",3
6,10/10/2018,JR R.,"I visited the restaurant on Mid September 2018 at night with a group of 6. It was my first night in town and read online that it served local dishes, had good reviews and was close to our Hotel, so I decided to give it a try. My plate choice was the Classic Beef Stew which was really good. The other guests were satisfied as well with their orders, who had Dutch traditional and non-traditional dishes. The restaurant had Jopen IPA on draft and a couple other Dutch beers, which were served at the right temperature.The waiter was friendly and provided good service. The prices were fair, particularly considering the location and ambience, which can be described as darkish, and cozy yet spacious. They have both indoor and outdoor seating, but I found the indoors more appealing. If you wanna try Dutch food and are close by, I certainly recommend you considering visiting it.",4
6,1/10/2019,Samuel A.,"This place was recommend by the hotel concierge and it did not disappoint.  The staff was polite, professional, and patient.  The I travel with was really happy with our meals. I had the Seafood Risotto and spinach.  The Risotto was cooked to perfection and the shrimps, clams, and scallop were delicious.  I highly recommend you try this Dutch restaurant out if you are in Amsterdam",5
6,3/5/2018,Hsiao-Ting C.,4.5 stars We were looking for a place to eat and went to three places before we found one that had seatings with no wait. I didn't have much expectation on the food since there was no wait. Who would have known the food was actually pretty good! My husband have been trying beef stew on this trip and thought this one made it the best. My lamb chops were cooked perfectly. It's a pretty big space but we had to fold up our stroller and hold our baby during the meal but the staff were really nice. You should come here if you want a taste of Dutch food!,4
6,12/7/2018,Kara W.,"The atmosphere is AMAZING, the food was spectacular,  and the service was pretty great, too.You have to get the strawberry dessert... it was to die for.",5
6,13/5/2019,Shelby R.,"Really disappointed. The service was just terrible, I really wish I remember the name of the woman waiter who took care of my boyfriend and I. She acted like she had better things to do and very snobby. We both had the seafood risotto which was good. We just couldn't get over how horrible the service was. Mind you we are a very easy table, no substitution or extras. Just be pleasant and nice and we will have a great time. We still wonder how someone could be so rude to people who just wanted a good meal. Oh well. Other people seem to have a good experience here, I recommend if you go to go cautiously.",2
6,12/12/2018,Nola G.,"I wanted to try this restaurant because a foodie friend(who likes most of my favorite restaurants in Paris) highly recommended Van Speyk. I promised him that I would eat here.  The restaurant is very pretty. I just felt the prices where too high for the quality of the food, execution of the dishes, and service that I received. I tried to Dutch Sole (Noordzeetong) which I felt I could have prepared as equally-well at home. The Van Speyk salad sounded delicious but it was also lackluster. The menu is fabulous. I was interested in the seafood risotto. When I was informed it came in a bought ore-made mix, that should have been my heads-up. I was in the mood for a dinner that ""wowed"" on a cold winter holiday night. Unfortunately, it didn't happen and I couldn't even stick around for dessert. The restaurant was empty.  Another couple showed an hour after opening. vanspeyk.amsterdam",3
6,9/10/2017,Anelya S.,"Went here yesterday for our date night. I picked this place because I liked the decorations and I was right. Its perfect for the date night, if you manage to get a booth and sit next to each other. We had oysters, shrimp crockets, escargot, steak and rack of lamb, the desert of everything and two bottles of Malbec. With tip, it was 220 Euro. Food was solid, service was attentive, and we had a good evening.",5
6,21/3/2019,jeannette h.,"This has to be my favorite spot for escargot, it's buttery and crispy....so good! Mouth water watering, one order is not enough!  All the dishes we ordered were delightful. I had the whole fried sole. It was suggested to me to have the sole fish...great choice! Good flavor and easy to debone.  Fiancé ordered 28day dry aged rib eye...also delicious! Reservations recommended",5
6,9/7/2017,Rhonda W.,"we ate here the night we arrived and it was a lovely start to our trip. The concierge at our hotel   (the Renaissance  which a Marriott hotel)  recommended Van Speyk  .. showed us a menu and called to get us a reservation. We walked right over and were seated immediately which was very impressive on a  Friday night. Our server said it was fortunate that the concierge had called for us. This was my first experience with white asparagus and I LOVED it.          We started with escargot ... and bread.  I had the salmon with white asparagus , mash potatoes. My husband has a lamp chop with veggies .. a potato casserole and something that was like a spicy polenta ... but not sure what it was.  We both had a couple beers and enjoyed our meal. The service was fast and friendly until it came to getting the check and paying.  We found a good deal of the restaurants in Amsterdam  to be VERY slow to give you a check ..  we suspect that since tips aren't as common they aren't in any hurry to get you out of there.            The decor was lovely but the seating was a bit tight .. nice meal ... would recommend.",5
6,7/4/2019,Tim K.,"Read all the great reviews and I concur. Great atmosphere, service was great, and the food was even better. Couldn't recommend the place more. I want to venture out to the rest of Amsterdam this week but I will definitely be back here",2
6,29/1/2020,Anco M.,"We went with 30 for a work related dinner to Van Speyk. A casual place where we were offered a three course menu with a choice for starter and mains. The food was excellent excellent, the service friendly, though, with such a big group, not very quick. Well worth coming back to.",4
6,20/5/2017,Katherine P.,"Made a reservation on open table which I'm glad I did since the restaurant was extremely busy.  The menu had various Dutch dishes and were easily marked on the menu. Food was fabulous but service was extremely too slow.   We sat outside which was perfect.  We tried a lot of dishes since we were a party of four and wanted to taste everything.  My favorites were the carpaccio, gambas, onion soup, duck confit and the Dutch sole.  If you need to go to the restroom like other restaurants in Amsterdam, walk down the steep steps very carefully.",3
6,16/12/2017,Diana B.,"An amazing dinner. This was suggested by the Double Tree and he was on point.We started with a local beer, the fish platter and pea soup.  They were wonderful along with the atmosphere.  For dinner we had the duck and mussels. Both dishes were amazing.Will be more than happy to return to suck an enjoyable experience.Thanks Joey!",5
6,17/11/2019,Brittany S.,Wine selection and food was outstanding. Fabulous steak! Cooked and seasoned to perfection.,5
6,28/12/2015,Quinn V.,Great friendly service. We got the scallops and the soup to start. They were good. We got the duck confit which was crispy outside but very dry inside. We ordered the steak medium rare. Could have been better seasoned. Creme brûlée was fine. For €€€ I would expect a bit more on the entrées,4
6,6/6/2016,Jane K.,"Great food and incredible service! Checked it out because it was close to the Renaissance Hotel and was probably my favorite meal of my trip in Amsterdam.Even the appetizer bread and butter tasted better than normal. For seafood, try the oysters (bigger and super juicy) or the Dutch sole.For dessert, cheesecake is a must! They forgot to give my dad his coffee, but instead of just removing it from the check, they also served him one on the house.",5
6,21/2/2018,Scott G.,"Had an awesome meal. Sanne took great care of us. She was very patient and helpful. One member of our party has an emotional allergy to mayonaise and Sanne made sure he did not get in trouble.  Adam and Wayne had a gr8 view for the entire evening and were nothing but smiles.Adam and Wayne had the escargot por duo.  I had the Dutch oysters which were awesome.For dinner we had Adam (lobster which the chef deshelled for adam), WAYNE(Entrecote with champignon sauce), Scott was blown away by the sudderlapjes(Dutch stew).  We finished up with some Irish coffee and a nice apple desert.  Looking forward to a return if ever in Amsterdam again.  To quote the great Rick flair.... Wooooooo!",4
6,29/1/2016,Brian C.,Was in Amsterdam alone on business and decided to eat here once again... The friendly staff greeted me as I walked in and sat me close to the bar area..: beautiful and massive chandeliers light up the restaurant just enough and the table candles make it a nice spot for a couple - Had the days special 3 course set menu - started with the venison pate - I am not a pate fan but it was delicious !  Then followed by the duck breast and again super delicious - good portion size and great tasting veggies Finished off with a nice light desert !,5
6,25/3/2015,Rob B.,"Beautiful little place located close to Crown Plaza and the Renaissance hotel. A reservation is a must. Typical Dutch style service. We loved the scallops and the steak. While the pork chops was nicely seasoned it was so over cooked that it was difficult to cut and more so to eat. To be fair, they said it would be fully done and that was an understatement. Warning, the stairs to the restrooms are only for agile rock climbers.",4
6,4/3/2013,Andrea T.,"The first night we arrived at the Crowne Plaza, we asked the concierge for a dinner suggestion.  He said Van Speyk.  However, we wanted to walk some of the city so we decided to venture away from this area.  We came back the next night (a Friday).  The decor of this restaurant is very nice.  Beautiful chandeliers hang from the ceiling.We had a group of 3 and were promptly seated.  I do not think this is normal as the night prior, the place was full when we walked past.  I think it would be best to make a reservation.We had a huge lunch so I wanted something a bit lighter for dinner.  I opted for the sea bass dish.  My colleagues had the venison and duck.  The food came out rather quickly which was nice.  My sea bass was delicious!  Everything on the plate was great!  My colleagues also said their dishes were great!We ordered dessert.  I had the White Chocolate Cheesecake which was light and fluffy with delicious berries on the top.We thoroughly enjoyed this dining experience.",4
6,3/4/2019,Bob B.,Went here for Dutch experience and was not disappointed. The waitress Jaime Joy was fantastic very attentive to our needs!  The halibut and seafood risotto did not disappoint. The Van Speyk salad was exceptional. Highly recommend this restaurant,5
6,10/8/2019,Jaswinder K.,Waking in the ambience was perfect for my husbands pre birthday dinner. This place does reservations so you might not get lucky on a Saturday evening. Fortunately there was a table for 2 opened and were seated immediately. The service was impeccable; we were first seated with some lover butter and bread. The waiter came over and offered for us to taste the wine. So I ordered the beef stew and truffle fries. My husband ordered the duck with spinach. The food was delicious if you want to have a nice fancy dinner out with your date I would take them here !!,4
6,13/3/2017,Steven E.,"This was my second visit and I thought my first visit a year ago was good so I thought I'd return!Onion soup should have a beefy rich broth with a bit of vino....this was not rich, no vino, and it was slightly thickened with corn starch or something similar, giving it a glutinous consistency ....yuck!Sent it back and ordered pea soup.....it was fine but pea soup is pea soup!  But, the dark bread was great!Rack of lamb was good quality but lacked much if any seasoning. Sauce? There was no Sauce.....just a broken, oily gravy.The French Pinot Noir by the glass was very good and the waitress was fabulous .....prompt, efficient, and very friendly.Fire the Chef!",2
6,1/7/2017,Marcus L.,Great service and amazing food!  I love how they bring bread and menus to each table within a minute of being seated.  The food was excellent and it was one of our best meals here in Amsterdam.  Try the warm waffle dessert!  So delicious!,5
6,28/1/2017,Justa C.,"I was here for a business dinner with a large group. Overall the food was at least average, maybe even good, but the service was the Achilles' heel. Although they were polite and friendly, it was very very slow. Commonly we would be sitting with empty glasses of wine while The waitstaff could be seen standing and chatting amongst themselves. It took forever to get the food.The atmosphere however was warm and inviting and even intimate. High roof ceiling with wooden beams and brick walls and intimate lighting made for a very pleasant experience. I might try it again if I am close on my next trip, but I would not recommend a large group business meal here.",3
6,14/8/2017,Mister B.,Good location near the Amsterdam Central train station.  We had a great Van Speyk salad and a rack of lamb and a Dutch stew.  We were happy with each.Good English speaking service and menu.  Go to their website to make a reservation.  Tables filled up quickly after 7 pm.,4
6,20/1/2019,Michael N.,Excellent evening at Van Speyk. It was recommended by our hotel concierge as we wanted something with good Dutch cuisine. Had the beef stew which was perfect for a cold Amsterdam night. Very friendly and attentive service.,5
6,10/7/2016,David L.,Great FoieGras. Charming EU style.  It's not typical Dutch food. More in the French site. Great service cozy ambiance Semi formal setting with white table cloth.,5
6,22/6/2018,Natalie P.,Amazing food and service was great. Would definitely come back again. The asparagus appetizer is a must try.,5
6,20/12/2013,Jason G.,"If you are staying in the Amsterdam city center, find Van Speyk. Had the Ribstuk with an amazing mushroom sauce and fresh mixed vegetables. Absolutely amazing. Staff was very friendly, the place is clean and a great design.",5
6,26/6/2016,Gold C.,Great ambiance both inside and outside. Service was fantastic and the food was equally impressive. Love the croquettes and the portobello mushroom! One block from Renaissance hotel and close to city center.,5
6,2/6/2018,Tucker R.,"Delicious meal! Restaurant is gorgeous. We ordered the asparagus soup, the beef stew, the tuna, and the risotto, and everything was amazing.",5
6,29/5/2018,J P.,"Wow! What a pleasant surprise! Actually I should not be surprised based on the other reviews, however, this place far exceeded expectations for the food and service. Van Speyk salad and oysters are an tasty shared starter. My wife had the grilled chicken, and said it was perfectly prepared. I had the seafood risotto, and I'm familiar with the time & effort needed for preparing first class risotto. We shared the lemon pie with coconut ice cream for dessert. A unique, yet tasty combination. One thing that really sets this restaurant apart from many others is their customer service. Outstanding! We'll be back!",5
6,28/4/2018,George A.,Recommend to us by the hotel concierges at the Renaissance.  This was not a favorite.  The setting is very nice and a easy walk across from the hotel.  But food was lack luster.  It is a shame could be so much better.  Not bad but not really tasty.,3
6,2/3/2018,Lauren C.,I loved the cozy atmosphere of Van Speyk! It was perfect for date night. The food was amazing; the asparagus soup was so delicious. The main courses were unique and the perfect size. The wine was also amazing and the service was great as well. Definitely recommend!,5
6,16/8/2018,Teresa D.,"An amazing accidental find and Wow! Had:the duck confit, wonderful especially loved the polenta friesDutch sole really delicious and lightVegetarian dish with beluga lentils,truly fantastic.Service was top notched, attentive but not overly and really sweet. Can't say enough about this great night except make reservations, we were lucky and got in without them, and it was cold so we would rather have been in any ways.",5
6,28/12/2017,Sherlly O.,Amazing dinner! Had the venison and oysters and it was delicious. By far best dinner i've had in Amsterdam. Make sure to reserve before.,5
