restaurant_id,name,latitude,longitude,yelp_link
1,The Pantry,52.36357620158003,4.8851465457187455,https://www.yelp.co.uk/biz/the-pantry-amsterdam
2,Cannibale Royale,52.36819856000278,4.890763377709335,https://www.yelp.co.uk/biz/cannibale-royale-amsterdam
3,Café De Klos,52.36549930137612,4.886008151067338,https://www.yelp.co.uk/biz/caf%C3%A9-de-klos-amsterdam-2
4,Moeders,52.37193819738853,4.875274918317424,https://www.yelp.co.uk/biz/moeders-amsterdam
5,Sampurna,52.36687375780222,4.890329144477371,https://www.yelp.co.uk/biz/sampurna-amsterdam
6,Van Speyk,52.37721895438608,4.894412698929369,https://www.yelp.co.uk/biz/van-speyk-amsterdam
7,De Foodhallen,52.36711428445511,4.867963812418094,https://www.yelp.co.uk/biz/de-foodhallen-amsterdam
8,Bakers & Roasters,52.35736616596515,4.889895631915434,https://www.yelp.co.uk/biz/bakers-en-roasters-amsterdam
